symbol,date,volume,close,open,high,low
RXO,2022-10-27,8300,21.0,22.0,24.0,21.0
RXO,2022-10-28,11000,21.5,23.0,24.0,21.5
RXO,2022-10-31,61300,21.0,25.5,25.5,21.0
RXO,2022-11-01,3534200,19.059999465942383,20.25,20.860000610351562,18.520999908447266
RXO,2022-11-02,4330200,16.100000381469727,19.1299991607666,19.1299991607666,15.930000305175781
RXO,2022-11-03,2716500,16.020000457763672,15.510000228881836,17.440000534057617,15.170000076293945
RXO,2022-11-04,2304900,15.979999542236328,16.780000686645508,16.905000686645508,14.75
RXO,2022-11-07,1500300,16.549999237060547,15.979999542236328,17.079999923706055,15.600000381469727
RXO,2022-11-08,1850300,18.100000381469727,16.31999969482422,18.290000915527344,16.075000762939453
RXO,2022-11-09,1214400,17.18000030517578,17.520000457763672,18.450000762939453,16.6299991607666
RXO,2022-11-10,3603100,17.43000030517578,17.290000915527344,18.25,15.5
RXO,2022-11-11,1670000,17.90999984741211,16.950000762939453,18.200000762939453,16.469999313354492
RXO,2022-11-14,1003800,17.520000457763672,17.520000457763672,18.899999618530273,17.15999984741211
RXO,2022-11-15,1283500,16.950000762939453,17.8799991607666,18.290000915527344,16.899999618530273
RXO,2022-11-16,953500,17.649999618530273,16.989999771118164,17.729999542236328,16.559999465942383
RXO,2022-11-17,648900,18.139999389648438,17.5,18.209999084472656,17.06999969482422
RXO,2022-11-18,1416800,19.15999984741211,18.360000610351562,19.34000015258789,17.739999771118164
RXO,2022-11-21,787800,18.299999237060547,19.010000228881836,19.049999237060547,17.899999618530273
RXO,2022-11-22,694100,18.329999923706055,18.209999084472656,18.709999084472656,18.079999923706055
RXO,2022-11-23,1077400,19.020000457763672,18.329999923706055,19.079999923706055,17.92099952697754
RXO,2022-11-25,348100,19.049999237060547,18.729999542236328,19.27400016784668,18.729999542236328
RXO,2022-11-28,1031300,18.690000534057617,18.40999984741211,19.020000457763672,18.40999984741211
RXO,2022-11-29,762200,18.219999313354492,18.59000015258789,19.0,18.15999984741211
RXO,2022-11-30,983600,19.0,18.229999542236328,19.1299991607666,18.132999420166016
RXO,2022-12-01,791700,18.899999618530273,19.079999923706055,19.200000762939453,18.350000381469727
RXO,2022-12-02,601000,18.690000534057617,18.389999389648438,18.90999984741211,18.31999969482422
RXO,2022-12-05,775200,17.979999542236328,18.399999618530273,18.5,17.809999465942383
RXO,2022-12-06,1517700,18.1200008392334,18.100000381469727,18.229999542236328,17.729999542236328
RXO,2022-12-07,741000,18.1200008392334,17.8700008392334,18.6200008392334,17.8700008392334
RXO,2022-12-08,930200,17.889999389648438,18.049999237060547,18.29400062561035,17.799999237060547
RXO,2022-12-09,927600,17.510000228881836,17.889999389648438,17.979999542236328,17.450000762939453
RXO,2022-12-12,1082100,17.25,17.520000457763672,17.719999313354492,16.979999542236328
RXO,2022-12-13,1266100,17.530000686645508,17.799999237060547,18.25,17.040000915527344
RXO,2022-12-14,2083200,16.8799991607666,17.06999969482422,17.65999984741211,16.725000381469727
RXO,2022-12-15,2471900,16.780000686645508,16.5,16.780000686645508,16.010000228881836
RXO,2022-12-16,3002900,16.270000457763672,16.40999984741211,16.90999984741211,16.010000228881836
RXO,2022-12-19,1016100,16.360000610351562,16.170000076293945,16.389999389648438,15.920000076293945
RXO,2022-12-20,966800,16.290000915527344,16.170000076293945,16.59000015258789,15.989999771118164
RXO,2022-12-21,770100,16.030000686645508,16.3700008392334,16.5,15.979999542236328
RXO,2022-12-22,647300,16.020000457763672,15.819999694824219,16.030000686645508,15.670000076293945
RXO,2022-12-23,362700,16.260000228881836,15.8100004196167,16.270000457763672,15.75
RXO,2022-12-27,531200,16.299999237060547,16.1200008392334,16.399999618530273,16.042999267578125
RXO,2022-12-28,757700,16.31999969482422,16.190000534057617,16.399999618530273,15.960000038146973
RXO,2022-12-29,3694400,17.690000534057617,17.049999237060547,17.979999542236328,17.0
RXO,2022-12-30,1211000,17.200000762939453,17.600000381469727,17.6200008392334,17.049999237060547
RXO,2023-01-03,2877800,17.200000762939453,17.239999771118164,17.780000686645508,16.8700008392334
RXO,2023-01-04,23780600,17.0,17.18000030517578,17.68000030517578,16.920000076293945
RXO,2023-01-05,2078900,16.5,16.84000015258789,17.0049991607666,16.350000381469727
RXO,2023-01-06,838500,16.8700008392334,16.579999923706055,17.06999969482422,16.360000610351562
RXO,2023-01-09,1431600,16.5,16.579999923706055,17.149999618530273,16.5
RXO,2023-01-10,1140000,17.0,16.5,17.010000228881836,16.5
RXO,2023-01-11,1683900,16.540000915527344,16.600000381469727,16.760000228881836,16.385000228881836
RXO,2023-01-12,882700,16.709999084472656,16.5,16.989999771118164,16.399999618530273
RXO,2023-01-13,685300,17.110000610351562,16.559999465942383,17.149999618530273,16.5
RXO,2023-01-17,828900,16.950000762939453,16.950000762939453,17.100000381469727,16.809999465942383
RXO,2023-01-18,1444400,16.969999313354492,16.969999313354492,17.399999618530273,16.75
RXO,2023-01-19,910900,16.739999771118164,16.75,17.030000686645508,16.65999984741211
RXO,2023-01-20,780800,16.90999984741211,16.84000015258789,16.959999084472656,16.6200008392334
RXO,2023-01-23,1408500,17.139999389648438,16.809999465942383,17.43000030517578,16.798999786376953
RXO,2023-01-24,952000,17.40999984741211,17.049999237060547,17.59000015258789,16.959999084472656
RXO,2023-01-25,757000,17.479999542236328,17.399999618530273,17.5049991607666,17.100000381469727
RXO,2023-01-26,1466400,17.6200008392334,17.549999237060547,17.6299991607666,17.2450008392334
RXO,2023-01-27,895600,18.059999465942383,17.6299991607666,18.09000015258789,17.549999237060547
RXO,2023-01-30,1594700,17.559999465942383,17.920000076293945,18.040000915527344,17.360000610351562
RXO,2023-01-31,896000,18.31999969482422,17.639999389648438,18.329999923706055,17.440000534057617
RXO,2023-02-01,1459200,19.270000457763672,18.25,19.489999771118164,18.25
RXO,2023-02-02,1345800,20.09000015258789,19.350000381469727,20.3700008392334,19.30500030517578
RXO,2023-02-03,1499400,20.399999618530273,19.739999771118164,20.549999237060547,19.6200008392334
RXO,2023-02-06,1528400,20.040000915527344,20.209999084472656,20.649999618530273,19.950000762939453
RXO,2023-02-07,1154100,20.229999542236328,20.170000076293945,20.350000381469727,19.739999771118164
RXO,2023-02-08,1567300,21.969999313354492,20.399999618530273,22.045000076293945,20.020000457763672
RXO,2023-02-09,1231800,20.989999771118164,22.030000686645508,22.110000610351562,20.90999984741211
RXO,2023-02-10,978200,20.959999084472656,20.81999969482422,20.989999771118164,20.334999084472656
RXO,2023-02-13,629800,21.139999389648438,20.84000015258789,21.43000030517578,20.56999969482422
RXO,2023-02-14,748100,21.639999389648438,20.979999542236328,21.8439998626709,20.74799919128418
RXO,2023-02-15,1347100,21.030000686645508,21.31999969482422,21.844999313354492,20.989999771118164
RXO,2023-02-16,948600,20.850000381469727,20.829999923706055,21.09000015258789,20.260000228881836
RXO,2023-02-17,899300,21.100000381469727,21.0,21.19499969482422,20.719999313354492
RXO,2023-02-21,709400,20.450000762939453,20.889999389648438,20.889999389648438,20.299999237060547
RXO,2023-02-22,709200,20.360000610351562,20.479999542236328,20.790000915527344,20.31999969482422
RXO,2023-02-23,504500,20.610000610351562,20.450000762939453,20.719999313354492,20.399999618530273
RXO,2023-02-24,577000,20.290000915527344,20.299999237060547,20.5,20.020999908447266
RXO,2023-02-27,798500,20.420000076293945,20.399999618530273,20.825000762939453,20.28499984741211
RXO,2023-02-28,1310600,20.56999969482422,20.31999969482422,20.780000686645508,20.290000915527344
RXO,2023-03-01,1729500,20.219999313354492,20.450000762939453,20.729999542236328,20.1299991607666
RXO,2023-03-02,742100,20.8799991607666,20.18000030517578,20.950000762939453,19.979999542236328
RXO,2023-03-03,640700,21.06999969482422,20.90999984741211,21.100000381469727,20.56999969482422
RXO,2023-03-06,905300,20.59000015258789,20.889999389648438,21.209999084472656,20.489999771118164
RXO,2023-03-07,536800,20.68000030517578,20.510000228881836,21.025999069213867,20.389999389648438
RXO,2023-03-08,438000,20.65999984741211,20.6200008392334,20.770000457763672,20.364999771118164
RXO,2023-03-09,774000,20.809999465942383,20.649999618530273,21.229999542236328,20.635000228881836
RXO,2023-03-10,865900,20.1200008392334,20.760000228881836,20.809999465942383,20.1200008392334
RXO,2023-03-13,988400,19.75,19.90999984741211,20.110000610351562,19.209999084472656
RXO,2023-03-14,975500,19.719999313354492,20.18000030517578,20.559999465942383,19.434999465942383
RXO,2023-03-15,1002300,19.59000015258789,19.280000686645508,19.8700008392334,19.260000228881836
RXO,2023-03-16,836300,19.989999771118164,19.43000030517578,20.0,19.399999618530273
RXO,2023-03-17,3440600,19.540000915527344,19.989999771118164,20.309999465942383,19.510000228881836
RXO,2023-03-20,761900,19.239999771118164,19.59000015258789,19.760000228881836,18.969999313354492
RXO,2023-03-21,1178900,19.1299991607666,19.479999542236328,19.68000030517578,18.850000381469727
RXO,2023-03-22,729900,19.149999618530273,19.25,19.65999984741211,19.020000457763672
RXO,2023-03-23,534500,18.920000076293945,19.15999984741211,19.31999969482422,18.71500015258789
RXO,2023-03-24,523600,18.6200008392334,18.770000457763672,18.850000381469727,18.2549991607666
RXO,2023-03-27,643300,18.68000030517578,18.84000015258789,19.059999465942383,18.6200008392334
RXO,2023-03-28,515800,19.280000686645508,18.739999771118164,19.34000015258789,18.530000686645508
RXO,2023-03-29,464200,19.3799991607666,19.440000534057617,19.600000381469727,19.19499969482422
RXO,2023-03-30,416800,19.309999465942383,19.600000381469727,19.670000076293945,19.25
RXO,2023-03-31,623000,19.639999389648438,19.3799991607666,19.959999084472656,19.3799991607666
RXO,2023-04-03,429200,19.670000076293945,19.610000610351562,19.920000076293945,19.389999389648438
RXO,2023-04-04,505900,18.719999313354492,19.520000457763672,19.56999969482422,18.6299991607666
RXO,2023-04-05,842300,18.389999389648438,18.6200008392334,18.888999938964844,18.049999237060547
RXO,2023-04-06,976100,18.31999969482422,18.350000381469727,18.670000076293945,18.135000228881836
RXO,2023-04-10,1342700,18.68000030517578,18.209999084472656,18.8799991607666,18.200000762939453
RXO,2023-04-11,3549500,19.030000686645508,18.739999771118164,19.270000457763672,18.600000381469727
RXO,2023-04-12,1051900,19.25,19.0,19.440000534057617,18.65999984741211
RXO,2023-04-13,824900,18.84000015258789,19.299999237060547,19.31999969482422,18.700000762939453
RXO,2023-04-14,718800,18.889999389648438,18.780000686645508,19.0,18.6299991607666
RXO,2023-04-17,558100,18.649999618530273,19.0,19.239999771118164,18.600000381469727
RXO,2023-04-18,692600,18.639999389648438,18.559999465942383,18.899999618530273,18.420000076293945
RXO,2023-04-19,2430800,18.5,18.549999237060547,18.774999618530273,18.350000381469727
RXO,2023-04-20,2921500,18.709999084472656,18.530000686645508,19.059999465942383,18.520000457763672
RXO,2023-04-21,2181500,18.639999389648438,18.799999237060547,19.040000915527344,18.549999237060547
RXO,2023-04-24,1086200,18.899999618530273,18.6200008392334,19.139999389648438,18.399999618530273
RXO,2023-04-25,770300,18.1200008392334,18.739999771118164,18.809999465942383,18.030000686645508
RXO,2023-04-26,1020400,17.329999923706055,18.059999465942383,18.225000381469727,17.145000457763672
RXO,2023-04-27,810600,17.6200008392334,17.389999389648438,17.799999237060547,17.389999389648438
RXO,2023-04-28,1253500,18.09000015258789,17.65999984741211,18.34000015258789,17.65999984741211
RXO,2023-05-01,687400,18.489999771118164,18.1299991607666,18.6200008392334,18.100000381469727
RXO,2023-05-02,890400,18.440000534057617,18.440000534057617,18.530000686645508,18.1200008392334
RXO,2023-05-03,1457800,19.540000915527344,19.010000228881836,20.540000915527344,18.899999618530273
RXO,2023-05-04,746200,19.079999923706055,19.40999984741211,19.600000381469727,18.75
RXO,2023-05-05,783800,19.450000762939453,19.15999984741211,19.540000915527344,19.059999465942383
RXO,2023-05-08,709500,19.350000381469727,19.420000076293945,19.565000534057617,18.950000762939453
RXO,2023-05-09,640700,19.1299991607666,19.209999084472656,19.6200008392334,18.959999084472656
RXO,2023-05-10,748600,19.239999771118164,19.309999465942383,19.375,18.8799991607666
RXO,2023-05-11,563400,19.43000030517578,19.25,19.459999084472656,18.979999542236328
RXO,2023-05-12,561700,18.8799991607666,19.579999923706055,19.68000030517578,18.850000381469727
RXO,2023-05-15,460900,19.200000762939453,18.8799991607666,19.31999969482422,18.709999084472656
RXO,2023-05-16,494500,19.149999618530273,19.190000534057617,19.34000015258789,18.774999618530273
RXO,2023-05-17,510100,19.56999969482422,19.270000457763672,19.700000762939453,19.09000015258789
RXO,2023-05-18,742500,19.979999542236328,19.510000228881836,20.040000915527344,19.510000228881836
RXO,2023-05-19,678100,19.940000534057617,20.020000457763672,20.020000457763672,19.780000686645508
RXO,2023-05-22,1019000,19.989999771118164,19.950000762939453,20.399999618530273,19.829999923706055
RXO,2023-05-23,765900,20.450000762939453,19.8700008392334,20.6200008392334,19.8700008392334
RXO,2023-05-24,816100,20.219999313354492,20.6200008392334,20.6299991607666,19.969999313354492
RXO,2023-05-25,685500,20.639999389648438,20.3700008392334,20.760000228881836,20.3700008392334
RXO,2023-05-26,597900,20.559999465942383,20.6200008392334,20.809999465942383,20.43000030517578
RXO,2023-05-30,948900,20.899999618530273,20.559999465942383,21.075000762939453,20.5049991607666
RXO,2023-05-31,1331500,20.8700008392334,20.850000381469727,20.8799991607666,20.395000457763672
RXO,2023-06-01,988200,21.329999923706055,20.81999969482422,21.450000762939453,20.600000381469727
RXO,2023-06-02,678300,22.0,21.3799991607666,22.131000518798828,21.25
RXO,2023-06-05,765500,21.770000457763672,21.90999984741211,22.09000015258789,21.579999923706055
RXO,2023-06-06,693200,21.809999465942383,21.540000915527344,22.18000030517578,21.420000076293945
RXO,2023-06-07,773900,22.670000076293945,22.020000457763672,22.790000915527344,22.020000457763672
RXO,2023-06-08,813000,22.290000915527344,22.739999771118164,22.799999237060547,22.184999465942383
RXO,2023-06-09,879300,21.8799991607666,22.110000610351562,22.170000076293945,21.510000228881836
RXO,2023-06-12,711100,21.8799991607666,21.979999542236328,22.184999465942383,21.690000534057617
RXO,2023-06-13,936100,21.8700008392334,22.010000228881836,22.100000381469727,21.770000457763672
RXO,2023-06-14,798800,21.809999465942383,21.920000076293945,22.25,21.799999237060547
RXO,2023-06-15,702500,22.34000015258789,21.670000076293945,22.40999984741211,21.600000381469727
RXO,2023-06-16,2578600,22.350000381469727,22.31999969482422,22.43000030517578,22.0
RXO,2023-06-20,723100,21.940000534057617,22.1299991607666,22.2549991607666,21.739999771118164
RXO,2023-06-21,975500,21.979999542236328,21.799999237060547,22.1299991607666,21.65999984741211
RXO,2023-06-22,1017400,22.0,21.940000534057617,22.219999313354492,21.674999237060547
RXO,2023-06-23,15141100,21.059999465942383,21.739999771118164,21.924999237060547,20.8799991607666
RXO,2023-06-26,1132200,21.469999313354492,20.90999984741211,21.575000762939453,20.81999969482422
RXO,2023-06-27,1448300,22.450000762939453,21.56999969482422,22.780000686645508,21.309999465942383
RXO,2023-06-28,800500,22.43000030517578,22.260000228881836,22.549999237060547,22.139999389648438
RXO,2023-06-29,875000,23.270000457763672,22.209999084472656,23.280000686645508,22.209999084472656
RXO,2023-06-30,984600,22.670000076293945,23.5,23.738000869750977,22.6200008392334
RXO,2023-07-03,434000,22.850000381469727,22.440000534057617,23.079999923706055,22.360000610351562
RXO,2023-07-05,928400,22.190000534057617,22.610000610351562,22.68000030517578,22.170000076293945
RXO,2023-07-06,714000,21.780000686645508,21.81999969482422,22.010000228881836,21.530000686645508
RXO,2023-07-07,644600,21.6299991607666,21.719999313354492,22.100000381469727,21.579999923706055
RXO,2023-07-10,943600,21.639999389648438,21.3799991607666,21.84000015258789,21.239999771118164
RXO,2023-07-11,560600,21.959999084472656,21.6200008392334,22.170000076293945,21.520000457763672
RXO,2023-07-12,1845000,20.889999389648438,21.389999389648438,21.450000762939453,20.6200008392334
RXO,2023-07-13,907300,20.84000015258789,20.950000762939453,21.148000717163086,20.68000030517578
RXO,2023-07-14,900800,20.3700008392334,20.639999389648438,20.84000015258789,20.270000457763672
RXO,2023-07-17,623700,20.270000457763672,20.3700008392334,20.600000381469727,20.260000228881836
RXO,2023-07-18,959700,20.68000030517578,20.43000030517578,21.139999389648438,20.385000228881836
RXO,2023-07-19,2994700,21.440000534057617,20.760000228881836,21.440000534057617,20.760000228881836
RXO,2023-07-20,585600,20.899999618530273,21.579999923706055,21.579999923706055,20.889999389648438
RXO,2023-07-21,657900,21.100000381469727,20.889999389648438,21.110000610351562,20.829999923706055
RXO,2023-07-24,486800,20.93000030517578,21.09000015258789,21.264999389648438,20.8799991607666
RXO,2023-07-25,413700,21.280000686645508,20.850000381469727,21.309999465942383,20.850000381469727
RXO,2023-07-26,536000,22.0,21.190000534057617,22.094999313354492,21.190000534057617
RXO,2023-07-27,361900,21.479999542236328,22.079999923706055,22.125,21.40999984741211
RXO,2023-07-28,402400,21.8700008392334,21.739999771118164,22.030000686645508,21.579999923706055
RXO,2023-07-31,633700,22.049999237060547,21.93000030517578,22.049999237060547,21.68000030517578
RXO,2023-08-01,643200,21.920000076293945,22.100000381469727,22.1299991607666,21.610000610351562
RXO,2023-08-02,2128000,19.649999618530273,21.760000228881836,21.809999465942383,18.729999542236328
RXO,2023-08-03,1230300,19.639999389648438,19.209999084472656,19.639999389648438,18.75
RXO,2023-08-04,836900,20.190000534057617,19.530000686645508,20.219999313354492,19.530000686645508
RXO,2023-08-07,645600,20.110000610351562,20.020000457763672,20.670000076293945,19.920000076293945
RXO,2023-08-08,506400,19.850000381469727,19.84000015258789,20.25,19.684999465942383
RXO,2023-08-09,391500,19.8700008392334,19.950000762939453,20.0049991607666,19.65999984741211
RXO,2023-08-10,419000,19.75,19.889999389648438,20.19499969482422,19.514999389648438
RXO,2023-08-11,387900,19.389999389648438,19.6200008392334,19.670000076293945,19.31999969482422
RXO,2023-08-14,449300,19.389999389648438,19.270000457763672,19.46500015258789,19.020000457763672
RXO,2023-08-15,332600,19.200000762939453,19.350000381469727,19.360000610351562,19.1299991607666
RXO,2023-08-16,621300,19.219999313354492,19.290000915527344,19.545000076293945,19.1200008392334
RXO,2023-08-17,676800,18.950000762939453,19.260000228881836,19.399999618530273,18.93000030517578
RXO,2023-08-18,506600,19.219999313354492,18.729999542236328,19.360000610351562,18.72100067138672
RXO,2023-08-21,456500,18.809999465942383,19.079999923706055,19.385000228881836,18.7450008392334
RXO,2023-08-22,277300,18.6299991607666,18.829999923706055,19.0,18.420000076293945
RXO,2023-08-23,312600,18.8799991607666,18.68000030517578,18.899999618530273,18.479999542236328
RXO,2023-08-24,555100,19.149999618530273,18.84000015258789,19.19499969482422,18.670000076293945
RXO,2023-08-25,477500,18.959999084472656,19.030000686645508,19.149999618530273,18.649999618530273
RXO,2023-08-28,563600,18.459999084472656,19.030000686645508,19.15999984741211,18.290000915527344
RXO,2023-08-29,548400,18.459999084472656,18.559999465942383,18.71500015258789,18.40999984741211
RXO,2023-08-30,477500,18.809999465942383,18.540000915527344,18.94499969482422,18.360000610351562
RXO,2023-08-31,785700,18.079999923706055,18.360000610351562,18.639999389648438,18.010000228881836
RXO,2023-09-01,495000,18.270000457763672,18.209999084472656,18.5,18.059999465942383
RXO,2023-09-05,739100,17.559999465942383,18.0,18.01099967956543,17.549999237060547
RXO,2023-09-06,632300,17.520000457763672,17.540000915527344,17.719999313354492,17.219999313354492
RXO,2023-09-07,721700,17.75,17.690000534057617,17.940000534057617,17.440000534057617
RXO,2023-09-08,524700,17.59000015258789,17.670000076293945,17.770000457763672,17.43000030517578
RXO,2023-09-11,564100,17.920000076293945,17.739999771118164,18.040000915527344,17.68000030517578
RXO,2023-09-12,444900,17.81999969482422,17.719999313354492,18.079999923706055,17.709999084472656
RXO,2023-09-13,533200,17.709999084472656,17.829999923706055,18.049999237060547,17.6200008392334
RXO,2023-09-14,418400,18.100000381469727,17.93000030517578,18.18000030517578,17.809999465942383
RXO,2023-09-15,2036500,18.270000457763672,18.110000610351562,18.31999969482422,17.850000381469727
RXO,2023-09-18,749300,18.600000381469727,18.329999923706055,18.770000457763672,18.15999984741211
RXO,2023-09-19,625000,18.40999984741211,18.549999237060547,18.75,18.12299919128418
RXO,2023-09-20,728700,18.399999618530273,19.0,19.299999237060547,18.389999389648438
RXO,2023-09-21,585900,18.100000381469727,18.190000534057617,18.309999465942383,17.93000030517578
RXO,2023-09-22,612900,18.290000915527344,18.149999618530273,18.520000457763672,18.100000381469727
RXO,2023-09-25,711200,18.8700008392334,18.200000762939453,18.90999984741211,18.174999237060547
RXO,2023-09-26,1247800,19.229999542236328,18.719999313354492,19.25,18.719999313354492
RXO,2023-09-27,893000,19.81999969482422,19.3799991607666,19.969999313354492,19.299999237060547
RXO,2023-09-28,1285100,20.030000686645508,19.790000915527344,20.399999618530273,19.780000686645508
RXO,2023-09-29,823400,19.729999542236328,20.200000762939453,20.389999389648438,19.600000381469727
RXO,2023-10-02,1070600,19.5,19.530000686645508,19.739999771118164,18.8700008392334
RXO,2023-10-03,659300,18.81999969482422,19.09000015258789,19.3799991607666,18.559999465942383
RXO,2023-10-04,996600,19.459999084472656,18.860000610351562,19.760000228881836,18.670000076293945
RXO,2023-10-05,701700,18.739999771118164,19.469999313354492,19.520000457763672,18.6200008392334
RXO,2023-10-06,628300,18.93000030517578,18.670000076293945,19.589000701904297,18.645999908447266
RXO,2023-10-09,627600,19.40999984741211,18.729999542236328,19.5,18.729999542236328
RXO,2023-10-10,522700,19.719999313354492,19.6200008392334,19.920000076293945,19.530000686645508
RXO,2023-10-11,640300,19.1299991607666,19.25,19.270000457763672,18.799999237060547
RXO,2023-10-12,421800,19.079999923706055,19.18000030517578,19.309999465942383,18.899999618530273
RXO,2023-10-13,427000,18.520000457763672,19.149999618530273,19.18000030517578,18.510000228881836
RXO,2023-10-16,469700,19.309999465942383,18.6299991607666,19.389999389648438,18.559999465942383
RXO,2023-10-17,729200,19.389999389648438,19.229999542236328,19.84000015258789,19.229999542236328
RXO,2023-10-18,426900,18.690000534057617,19.219999313354492,19.25,18.649999618530273
RXO,2023-10-19,485600,18.860000610351562,18.610000610351562,19.200000762939453,18.510000228881836
RXO,2023-10-20,765700,18.829999923706055,19.049999237060547,19.239999771118164,18.6200008392334
RXO,2023-10-23,625500,18.979999542236328,18.739999771118164,19.3700008392334,18.690000534057617
RXO,2023-10-24,702100,18.229999542236328,19.1200008392334,19.209999084472656,18.18000030517578
RXO,2023-10-25,368900,18.049999237060547,18.18000030517578,18.235000610351562,17.729999542236328
RXO,2023-10-26,807500,17.520000457763672,17.959999084472656,18.06999969482422,17.40999984741211
RXO,2023-10-27,762000,17.270000457763672,17.6200008392334,17.84000015258789,17.110000610351562
RXO,2023-10-30,506700,17.950000762939453,17.639999389648438,17.985000610351562,17.3799991607666
RXO,2023-10-31,680600,17.510000228881836,18.040000915527344,18.110000610351562,17.40999984741211
RXO,2023-11-01,1421500,17.079999923706055,17.65999984741211,17.790000915527344,16.940000534057617
RXO,2023-11-02,991000,18.280000686645508,17.469999313354492,18.299999237060547,17.469999313354492
RXO,2023-11-03,682400,18.479999542236328,18.700000762939453,18.93000030517578,18.393999099731445
RXO,2023-11-06,930400,18.290000915527344,18.399999618530273,18.6299991607666,18.010000228881836
RXO,2023-11-07,1062100,18.239999771118164,18.299999237060547,18.829999923706055,17.170000076293945
RXO,2023-11-08,672100,17.360000610351562,18.219999313354492,18.280000686645508,17.34000015258789
RXO,2023-11-09,550700,17.5,17.440000534057617,17.815000534057617,17.290000915527344
RXO,2023-11-10,466700,18.030000686645508,17.65999984741211,18.110000610351562,17.5049991607666
RXO,2023-11-13,485000,18.270000457763672,18.0,18.299999237060547,17.959999084472656
RXO,2023-11-14,1045600,20.020000457763672,18.850000381469727,20.09000015258789,18.75
RXO,2023-11-15,735200,19.729999542236328,20.010000228881836,20.32200050354004,19.549999237060547
RXO,2023-11-16,521900,19.829999923706055,19.889999389648438,19.950000762939453,19.459999084472656
RXO,2023-11-17,589300,19.969999313354492,19.920000076293945,19.985000610351562,19.649999618530273
RXO,2023-11-20,545100,19.84000015258789,20.0,20.0,19.649999618530273
RXO,2023-11-21,372600,20.100000381469727,19.940000534057617,20.1200008392334,19.6200008392334
RXO,2023-11-22,540100,20.200000762939453,20.200000762939453,20.395000457763672,20.059999465942383
RXO,2023-11-24,174600,20.469999313354492,20.1299991607666,20.5,20.1299991607666
RXO,2023-11-27,703000,20.549999237060547,20.3700008392334,20.75,20.229999542236328
RXO,2023-11-28,712600,20.639999389648438,20.5,20.670000076293945,20.15999984741211
RXO,2023-11-29,1130800,20.8700008392334,20.75,21.209999084472656,20.68000030517578
RXO,2023-11-30,1026200,20.959999084472656,20.969999313354492,21.059999465942383,20.75
RXO,2023-12-01,816400,21.420000076293945,20.90999984741211,21.540000915527344,20.8700008392334
RXO,2023-12-04,628500,22.0,21.34000015258789,22.094999313354492,21.19499969482422
RXO,2023-12-05,563700,21.040000915527344,21.84000015258789,21.84000015258789,21.0
RXO,2023-12-06,453300,20.979999542236328,21.290000915527344,21.389999389648438,20.780000686645508
RXO,2023-12-07,441200,20.959999084472656,21.049999237060547,21.059999465942383,20.799999237060547
RXO,2023-12-08,522700,20.780000686645508,20.889999389648438,21.360000610351562,20.704999923706055
RXO,2023-12-11,599500,21.290000915527344,20.75,21.479999542236328,20.6200008392334
RXO,2023-12-12,537100,21.290000915527344,21.329999923706055,21.520000457763672,21.110000610351562
RXO,2023-12-13,689300,21.989999771118164,21.290000915527344,22.149999618530273,20.93000030517578
RXO,2023-12-14,1075600,23.040000915527344,22.43000030517578,23.170000076293945,22.219999313354492
RXO,2023-12-15,2739400,23.3700008392334,23.190000534057617,23.579999923706055,22.875
RXO,2023-12-18,537700,23.219999313354492,23.56999969482422,23.639999389648438,22.799999237060547
RXO,2023-12-19,489100,23.5,23.469999313354492,23.729999542236328,23.2450008392334
RXO,2023-12-20,895400,23.3799991607666,23.25,23.954999923706055,23.040000915527344
RXO,2023-12-21,353500,23.75,23.559999465942383,23.899999618530273,23.3700008392334
RXO,2023-12-22,348700,23.889999389648438,23.899999618530273,24.06999969482422,23.75
RXO,2023-12-26,310600,24.1299991607666,23.90999984741211,24.299999237060547,23.90999984741211
RXO,2023-12-27,371800,23.979999542236328,24.329999923706055,24.329999923706055,23.90999984741211
RXO,2023-12-28,398900,23.670000076293945,23.8799991607666,23.93000030517578,23.489999771118164
RXO,2023-12-29,423500,23.260000228881836,23.510000228881836,23.6200008392334,23.200000762939453
RXO,2024-01-02,573500,23.049999237060547,23.1200008392334,23.649999618530273,22.760000228881836
RXO,2024-01-03,430800,22.459999084472656,22.959999084472656,22.969999313354492,22.420000076293945
RXO,2024-01-04,456200,22.469999313354492,22.6299991607666,22.6299991607666,22.280000686645508
RXO,2024-01-05,371500,22.489999771118164,22.280000686645508,22.860000610351562,22.280000686645508
RXO,2024-01-08,435300,22.3799991607666,22.420000076293945,22.600000381469727,22.239999771118164
RXO,2024-01-09,946100,22.43000030517578,22.110000610351562,22.670000076293945,21.93000030517578
RXO,2024-01-10,438000,22.520000457763672,22.010000228881836,22.540000915527344,21.920000076293945
RXO,2024-01-11,408500,22.6200008392334,22.459999084472656,22.649999618530273,22.079999923706055
RXO,2024-01-12,457100,22.56999969482422,22.75,22.854999542236328,22.204999923706055
RXO,2024-01-16,400100,22.34000015258789,22.459999084472656,22.559999465942383,22.190000534057617
RXO,2024-01-17,715700,21.8799991607666,21.860000610351562,22.030000686645508,21.350000381469727
RXO,2024-01-18,524400,21.850000381469727,22.020000457763672,22.18000030517578,21.670000076293945
RXO,2024-01-19,381300,22.280000686645508,21.940000534057617,22.31999969482422,21.69099998474121
RXO,2024-01-22,521800,22.920000076293945,22.489999771118164,22.989999771118164,22.469999313354492
RXO,2024-01-23,355900,22.829999923706055,23.139999389648438,23.209999084472656,22.799999237060547
RXO,2024-01-24,525700,22.1200008392334,23.06999969482422,23.06999969482422,22.09000015258789
RXO,2024-01-25,462200,22.270000457763672,22.469999313354492,22.575000762939453,22.0
RXO,2024-01-26,381800,22.040000915527344,22.350000381469727,22.440000534057617,21.985000610351562
RXO,2024-01-29,400300,22.239999771118164,22.0,22.239999771118164,21.889999389648438
RXO,2024-01-30,356000,21.68000030517578,22.049999237060547,22.049999237060547,21.600000381469727
RXO,2024-01-31,569600,20.799999237060547,21.549999237060547,21.809999465942383,20.71500015258789
RXO,2024-02-01,940600,20.68000030517578,20.979999542236328,21.297000885009766,20.299999237060547
RXO,2024-02-02,1436000,21.260000228881836,20.43000030517578,21.540000915527344,20.209999084472656
RXO,2024-02-05,450000,20.829999923706055,21.06999969482422,21.190000534057617,20.6299991607666
RXO,2024-02-06,412100,21.790000915527344,20.799999237060547,21.809999465942383,20.700000762939453
RXO,2024-02-07,1025300,22.479999542236328,22.309999465942383,22.6299991607666,22.170000076293945
RXO,2024-02-08,2828300,20.75,20.770000457763672,21.670000076293945,19.5
RXO,2024-02-09,3035300,20.280000686645508,20.479999542236328,20.59000015258789,19.850000381469727
RXO,2024-02-12,704900,20.899999618530273,20.270000457763672,21.059999465942383,20.141000747680664
RXO,2024-02-13,1208700,21.450000762939453,20.489999771118164,21.469999313354492,20.424999237060547
RXO,2024-02-14,645400,21.829999923706055,21.700000762939453,21.913000106811523,21.290000915527344
RXO,2024-02-15,753100,21.530000686645508,21.84000015258789,21.8700008392334,21.1299991607666
RXO,2024-02-16,650300,21.56999969482422,21.280000686645508,21.93000030517578,21.209999084472656
RXO,2024-02-20,492100,20.940000534057617,21.239999771118164,21.299999237060547,20.899999618530273
RXO,2024-02-21,480400,21.34000015258789,20.940000534057617,21.420000076293945,20.823999404907227
RXO,2024-02-22,500500,21.6200008392334,21.270000457763672,21.795000076293945,21.200000762939453
RXO,2024-02-23,310400,21.459999084472656,21.690000534057617,21.69499969482422,21.399999618530273
RXO,2024-02-26,463900,21.389999389648438,21.350000381469727,21.6200008392334,21.270000457763672
RXO,2024-02-27,324800,20.899999618530273,21.520000457763672,21.520000457763672,20.780000686645508
RXO,2024-02-28,386000,20.440000534057617,20.65999984741211,21.0,20.360000610351562
RXO,2024-02-29,614400,21.520000457763672,20.760000228881836,21.59000015258789,20.760000228881836
RXO,2024-03-01,414400,21.100000381469727,21.450000762939453,21.450000762939453,20.8799991607666
RXO,2024-03-04,514900,20.350000381469727,21.030000686645508,21.084999084472656,20.309999465942383
RXO,2024-03-05,394200,20.5,20.209999084472656,20.71500015258789,20.09000015258789
RXO,2024-03-06,352800,20.729999542236328,20.649999618530273,21.010000228881836,20.56999969482422
RXO,2024-03-07,404300,21.25,20.920000076293945,21.270000457763672,20.81999969482422
RXO,2024-03-08,364200,20.90999984741211,21.459999084472656,21.510000228881836,20.700000762939453
RXO,2024-03-11,473300,21.6299991607666,20.920000076293945,21.670000076293945,20.8799991607666
RXO,2024-03-12,405600,21.3700008392334,21.489999771118164,21.540000915527344,20.93000030517578
RXO,2024-03-13,496000,20.700000762939453,21.329999923706055,21.5,20.690000534057617
RXO,2024-03-14,537500,20.209999084472656,20.549999237060547,20.600000381469727,19.9950008392334
RXO,2024-03-15,1159500,19.8700008392334,20.049999237060547,20.371999740600586,19.7549991607666
RXO,2024-03-18,744400,19.739999771118164,19.860000610351562,19.989999771118164,19.5
RXO,2024-03-19,499200,19.850000381469727,19.739999771118164,19.959999084472656,19.459999084472656
RXO,2024-03-20,328100,20.010000228881836,19.69499969482422,20.139999389648438,19.6200008392334
RXO,2024-03-21,547000,20.600000381469727,20.25,20.719999313354492,20.020000457763672
RXO,2024-03-22,413100,20.530000686645508,20.600000381469727,20.68000030517578,20.28499984741211
RXO,2024-03-25,358600,20.809999465942383,20.600000381469727,20.84000015258789,20.469999313354492
RXO,2024-03-26,477900,20.790000915527344,20.8799991607666,21.114999771118164,20.790000915527344
RXO,2024-03-27,411400,21.260000228881836,21.040000915527344,21.299999237060547,20.90999984741211
RXO,2024-03-28,767600,21.8700008392334,21.34000015258789,22.1200008392334,21.25
RXO,2024-04-01,725900,21.6200008392334,21.719999313354492,21.829999923706055,21.360000610351562
RXO,2024-04-02,930200,20.959999084472656,21.3700008392334,21.395000457763672,20.850000381469727
RXO,2024-04-03,459600,21.510000228881836,20.889999389648438,21.549999237060547,20.875
RXO,2024-04-04,549600,21.530000686645508,21.75,22.059999465942383,21.479999542236328
RXO,2024-04-05,665800,21.5,21.190000534057617,21.75,21.190000534057617
RXO,2024-04-08,550800,21.719999313354492,21.709999084472656,22.020000457763672,21.520000457763672
RXO,2024-04-09,608400,22.329999923706055,21.829999923706055,22.600000381469727,21.829999923706055
RXO,2024-04-10,1270000,21.3799991607666,21.729999542236328,21.790000915527344,21.059999465942383
RXO,2024-04-11,704600,21.81999969482422,21.280000686645508,21.90999984741211,21.170000076293945
RXO,2024-04-12,670200,20.610000610351562,21.6299991607666,21.639999389648438,20.360000610351562
RXO,2024-04-15,477400,20.25,20.700000762939453,20.799999237060547,20.190000534057617
RXO,2024-04-16,535600,20.5,20.18000030517578,20.71500015258789,20.0
RXO,2024-04-17,876900,19.229999542236328,20.15999984741211,20.280000686645508,19.209999084472656
RXO,2024-04-18,1720600,18.93000030517578,19.549999237060547,20.0,18.8700008392334
RXO,2024-04-19,1014400,19.3700008392334,18.829999923706055,19.65999984741211,18.829999923706055
RXO,2024-04-22,560000,19.5,19.65999984741211,19.899999618530273,19.309999465942383
RXO,2024-04-23,733100,19.90999984741211,19.489999771118164,19.98699951171875,19.440000534057617
RXO,2024-04-24,614000,19.31999969482422,19.68000030517578,19.839000701904297,19.15999984741211
RXO,2024-04-25,725800,19.81999969482422,19.350000381469727,19.93000030517578,19.15999984741211
RXO,2024-04-26,372300,19.360000610351562,19.540000915527344,19.860000610351562,19.219999313354492
RXO,2024-04-29,499600,19.389999389648438,19.610000610351562,19.770000457763672,19.350000381469727
RXO,2024-04-30,882600,18.90999984741211,19.25,19.459999084472656,18.75
RXO,2024-05-01,1029000,19.0,19.079999923706055,19.3700008392334,18.829999923706055
RXO,2024-05-02,1185000,20.1200008392334,19.280000686645508,20.559999465942383,19.280000686645508
RXO,2024-05-03,541500,20.40999984741211,20.34000015258789,20.790000915527344,20.190000534057617
RXO,2024-05-06,510300,20.540000915527344,20.6200008392334,20.860000610351562,20.399999618530273
RXO,2024-05-07,501100,20.719999313354492,20.690000534057617,21.059999465942383,20.510000228881836
RXO,2024-05-08,458400,20.469999313354492,20.450000762939453,20.899999618530273,20.40999984741211
RXO,2024-05-09,405900,20.719999313354492,20.540000915527344,20.969999313354492,20.389999389648438
RXO,2024-05-10,319500,20.65999984741211,20.770000457763672,20.940000534057617,20.520000457763672
RXO,2024-05-13,501100,20.979999542236328,20.84000015258789,21.170000076293945,20.735000610351562
RXO,2024-05-14,539700,21.170000076293945,21.299999237060547,21.489999771118164,21.125
RXO,2024-05-15,386400,20.969999313354492,21.440000534057617,21.5,20.690000534057617
RXO,2024-05-16,393600,21.1299991607666,20.950000762939453,21.270000457763672,20.920000076293945
RXO,2024-05-17,551700,20.579999923706055,21.09000015258789,21.139999389648438,20.545000076293945
RXO,2024-05-20,347900,20.540000915527344,20.510000228881836,20.75,20.375
RXO,2024-05-21,400400,20.18000030517578,20.40999984741211,20.510000228881836,19.959999084472656
RXO,2024-05-22,459900,20.209999084472656,20.229999542236328,20.479999542236328,20.040000915527344
RXO,2024-05-23,442000,20.100000381469727,20.350000381469727,20.350000381469727,19.860000610351562
RXO,2024-05-24,347300,20.329999923706055,20.389999389648438,20.520000457763672,20.1299991607666
RXO,2024-05-28,388600,19.8700008392334,20.34000015258789,20.489999771118164,19.809999465942383
RXO,2024-05-29,351800,19.59000015258789,19.510000228881836,19.860000610351562,19.450000762939453
RXO,2024-05-30,357500,19.739999771118164,19.81999969482422,19.95199966430664,19.600000381469727
RXO,2024-05-31,495600,20.40999984741211,19.8799991607666,20.440000534057617,19.850000381469727
RXO,2024-06-03,357500,20.329999923706055,20.690000534057617,20.690000534057617,19.950000762939453
RXO,2024-06-04,405500,20.389999389648438,20.520000457763672,20.78499984741211,20.3799991607666
RXO,2024-06-05,389200,20.780000686645508,20.559999465942383,20.81999969482422,20.43000030517578
RXO,2024-06-06,302500,20.479999542236328,20.549999237060547,20.549999237060547,20.260000228881836
RXO,2024-06-07,398900,20.469999313354492,20.31999969482422,20.889999389648438,20.18000030517578
RXO,2024-06-10,426400,20.40999984741211,20.06999969482422,20.5,20.010000228881836
RXO,2024-06-11,534500,20.690000534057617,20.18000030517578,20.790000915527344,19.96500015258789
RXO,2024-06-12,597100,21.309999465942383,21.329999923706055,21.469999313354492,21.059999465942383
RXO,2024-06-13,383000,20.8799991607666,21.239999771118164,21.239999771118164,20.790000915527344
RXO,2024-06-14,505300,20.059999465942383,20.510000228881836,20.530000686645508,19.84000015258789
RXO,2024-06-17,480400,20.110000610351562,19.809999465942383,20.25,19.809999465942383
RXO,2024-06-18,400500,20.059999465942383,20.209999084472656,20.559999465942383,20.020000457763672
RXO,2024-06-20,458400,20.200000762939453,19.950000762939453,20.530000686645508,19.950000762939453
RXO,2024-06-21,1354600,20.209999084472656,20.229999542236328,20.6200008392334,20.125
RXO,2024-06-24,5261900,24.850000381469727,22.31999969482422,25.139999389648438,22.31999969482422
RXO,2024-06-25,1768100,24.809999465942383,24.809999465942383,25.260000228881836,24.3799991607666
RXO,2024-06-26,1163300,25.219999313354492,24.93000030517578,25.280000686645508,24.770000457763672
RXO,2024-06-27,1191000,24.940000534057617,25.229999542236328,25.3799991607666,24.399999618530273
RXO,2024-06-28,2557200,26.149999618530273,25.170000076293945,26.219999313354492,25.06999969482422
RXO,2024-07-01,1850000,27.010000228881836,26.389999389648438,28.1299991607666,26.325000762939453
RXO,2024-07-02,776300,27.040000915527344,27.020000457763672,27.290000915527344,26.909000396728516
RXO,2024-07-03,432200,26.790000915527344,26.899999618530273,27.389999389648438,26.559999465942383
RXO,2024-07-05,620500,26.770000457763672,26.65999984741211,26.969999313354492,26.270000457763672
RXO,2024-07-08,660400,27.139999389648438,26.739999771118164,27.270000457763672,26.579999923706055
RXO,2024-07-09,678000,26.75,27.200000762939453,27.239999771118164,26.700000762939453
RXO,2024-07-10,575900,26.530000686645508,26.6299991607666,26.899999618530273,26.389999389648438
RXO,2024-07-11,885300,27.18000030517578,27.0,27.489999771118164,26.829999923706055
RXO,2024-07-12,961600,27.100000381469727,27.459999084472656,28.360000610351562,27.010000228881836
RXO,2024-07-15,1927000,29.389999389648438,27.40999984741211,29.479999542236328,27.1200008392334
RXO,2024-07-16,1113400,29.829999923706055,29.700000762939453,30.719999313354492,29.700000762939453
RXO,2024-07-17,778700,29.90999984741211,29.299999237060547,30.260000228881836,28.959999084472656
RXO,2024-07-18,612700,29.440000534057617,29.600000381469727,30.360000610351562,29.149999618530273
RXO,2024-07-19,720600,29.899999618530273,29.510000228881836,30.0,29.18000030517578
RXO,2024-07-22,766800,30.040000915527344,30.34000015258789,30.5,29.6299991607666
RXO,2024-07-23,545300,29.670000076293945,29.760000228881836,30.290000915527344,29.389999389648438
RXO,2024-07-24,458900,29.229999542236328,29.420000076293945,30.049999237060547,29.110000610351562
RXO,2024-07-25,914100,30.450000762939453,29.31999969482422,30.950000762939453,29.28499984741211
RXO,2024-07-26,1001900,31.15999984741211,30.940000534057617,31.6200008392334,30.65999984741211
RXO,2024-07-29,545200,31.18000030517578,31.299999237060547,32.138999938964844,31.020000457763672
RXO,2024-07-30,596600,31.899999618530273,31.40999984741211,32.310001373291016,31.25
RXO,2024-07-31,721400,31.709999084472656,31.8700008392334,32.81999969482422,31.309999465942383
RXO,2024-08-01,738400,31.200000762939453,31.93000030517578,32.724998474121094,30.799999237060547
RXO,2024-08-02,699300,29.56999969482422,30.049999237060547,30.229999542236328,29.110000610351562
RXO,2024-08-05,937200,29.100000381469727,28.0,29.5,27.65999984741211
RXO,2024-08-06,1156800,29.850000381469727,29.040000915527344,30.639999389648438,29.040000915527344
RXO,2024-08-07,1180700,29.110000610351562,28.40999984741211,29.399999618530273,27.53499984741211
RXO,2024-08-08,844600,28.850000381469727,29.65999984741211,30.05500030517578,28.829999923706055
RXO,2024-08-09,864400,28.719999313354492,28.729999542236328,28.989999771118164,28.200000762939453
RXO,2024-08-12,537500,28.1299991607666,28.860000610351562,28.860000610351562,27.829999923706055
RXO,2024-08-13,688800,27.270000457763672,27.969999313354492,28.3700008392334,26.93000030517578
RXO,2024-08-14,521700,27.510000228881836,27.40999984741211,27.610000610351562,26.920000076293945
RXO,2024-08-15,870700,28.65999984741211,28.100000381469727,28.959999084472656,28.100000381469727
RXO,2024-08-16,734600,29.030000686645508,28.420000076293945,29.450000762939453,28.405000686645508
RXO,2024-08-19,520900,29.31999969482422,28.93000030517578,29.8799991607666,28.709999084472656
RXO,2024-08-20,461100,28.440000534057617,29.139999389648438,29.239999771118164,28.3700008392334
RXO,2024-08-21,426200,28.90999984741211,28.8700008392334,28.950000762939453,28.520000457763672
RXO,2024-08-22,341000,28.489999771118164,29.0,29.200000762939453,28.280000686645508
RXO,2024-08-23,569500,29.559999465942383,28.719999313354492,29.709999084472656,28.56999969482422
RXO,2024-08-26,429900,29.549999237060547,29.809999465942383,30.09000015258789,29.540000915527344
RXO,2024-08-27,351900,28.760000228881836,29.389999389648438,29.389999389648438,28.65999984741211
RXO,2024-08-28,603900,28.56999969482422,28.860000610351562,29.209999084472656,28.520000457763672
RXO,2024-08-29,451900,28.360000610351562,28.6200008392334,28.850000381469727,28.309999465942383
RXO,2024-08-30,690600,28.459999084472656,28.610000610351562,28.80500030517578,28.15999984741211
RXO,2024-09-03,660800,28.459999084472656,28.1299991607666,28.479999542236328,27.729999542236328
RXO,2024-09-04,581700,28.18000030517578,28.420000076293945,28.815000534057617,27.739999771118164
RXO,2024-09-05,457400,27.260000228881836,28.25,28.489999771118164,27.135000228881836
RXO,2024-09-06,522500,26.719999313354492,27.25,27.28499984741211,26.469999313354492
RXO,2024-09-09,1405000,27.229999542236328,26.5,27.670000076293945,26.0
RXO,2024-09-10,9615200,26.0,26.75,26.799999237060547,25.790000915527344
RXO,2024-09-11,2670200,25.56999969482422,25.68000030517578,25.75,24.663000106811523
RXO,2024-09-12,5016400,25.549999237060547,25.610000610351562,25.729999542236328,24.84000015258789
RXO,2024-09-13,2120400,25.700000762939453,25.829999923706055,26.049999237060547,25.1299991607666
RXO,2024-09-16,1988600,25.829999923706055,25.579999923706055,25.959999084472656,25.149999618530273
RXO,2024-09-17,1865500,25.889999389648438,26.020000457763672,26.190000534057617,25.56999969482422
RXO,2024-09-18,1489000,26.049999237060547,25.8700008392334,26.350000381469727,25.690000534057617
RXO,2024-09-19,1935400,27.100000381469727,26.450000762939453,27.530000686645508,26.145000457763672
RXO,2024-09-20,2780600,25.950000762939453,26.979999542236328,27.18000030517578,25.829999923706055
RXO,2024-09-23,1528300,26.670000076293945,26.170000076293945,26.850000381469727,25.950000762939453
RXO,2024-09-24,1443400,27.100000381469727,26.709999084472656,27.299999237060547,26.389999389648438
RXO,2024-09-25,1854300,27.8799991607666,27.229999542236328,28.100000381469727,27.1299991607666
RXO,2024-09-26,1415800,27.25,27.75,28.25,27.209999084472656
RXO,2024-09-27,4826100,27.530000686645508,27.56999969482422,28.139999389648438,27.420000076293945
RXO,2024-09-30,1157600,28.0,27.5,28.225000381469727,27.450000762939453
RXO,2024-10-01,1473000,27.09000015258789,27.8799991607666,27.8799991607666,26.799999237060547
RXO,2024-10-02,691200,27.219999313354492,26.950000762939453,27.3799991607666,26.709999084472656
RXO,2024-10-03,958600,27.06999969482422,26.989999771118164,27.34000015258789,26.72100067138672
RXO,2024-10-04,569400,27.209999084472656,27.610000610351562,27.700000762939453,26.8799991607666
RXO,2024-10-07,574200,27.200000762939453,26.979999542236328,27.395000457763672,26.850000381469727
RXO,2024-10-08,432600,27.6200008392334,27.290000915527344,27.809999465942383,27.21500015258789
RXO,2024-10-09,744300,27.93000030517578,27.530000686645508,28.329999923706055,27.459999084472656
RXO,2024-10-10,1018500,28.059999465942383,27.729999542236328,28.059999465942383,27.360000610351562
RXO,2024-10-11,1212900,29.8799991607666,28.1200008392334,29.90999984741211,28.1200008392334
RXO,2024-10-14,777100,29.65999984741211,29.81999969482422,29.81999969482422,29.21500015258789
RXO,2024-10-15,886500,29.170000076293945,29.649999618530273,29.81999969482422,29.1200008392334
RXO,2024-10-16,649200,29.600000381469727,29.729999542236328,30.049999237060547,29.524999618530273
RXO,2024-10-17,811300,29.290000915527344,29.350000381469727,29.639999389648438,28.90999984741211
RXO,2024-10-18,1219200,29.209999084472656,29.299999237060547,29.8700008392334,29.0
RXO,2024-10-21,834800,28.950000762939453,29.18000030517578,29.360000610351562,28.90999984741211
RXO,2024-10-22,349800,28.920000076293945,28.889999389648438,29.110000610351562,28.6299991607666
RXO,2024-10-23,678700,28.329999923706055,28.670000076293945,28.940000534057617,27.969999313354492
RXO,2024-10-24,637000,28.059999465942383,28.399999618530273,28.6200008392334,28.010000228881836
RXO,2024-10-25,474500,28.15999984741211,28.290000915527344,28.610000610351562,28.139999389648438
RXO,2024-10-28,930600,28.780000686645508,28.309999465942383,28.969999313354492,28.290000915527344
RXO,2024-10-29,428000,28.700000762939453,28.469999313354492,28.899999618530273,28.360000610351562
RXO,2024-10-30,624800,29.059999465942383,28.600000381469727,29.540000915527344,28.559999465942383
RXO,2024-10-31,649500,28.190000534057617,28.885000228881836,29.139999389648438,28.18000030517578
RXO,2024-11-01,701900,27.93000030517578,28.3799991607666,28.655000686645508,27.90999984741211
RXO,2024-11-04,723300,27.950000762939453,27.729999542236328,28.514999389648438,27.489999771118164
RXO,2024-11-05,785400,28.200000762939453,27.81999969482422,28.329999923706055,27.81999969482422
RXO,2024-11-06,1791700,31.899999618530273,30.290000915527344,31.979999542236328,30.290000915527344
RXO,2024-11-07,1739100,28.709999084472656,29.485000610351562,30.610000610351562,28.559999465942383
RXO,2024-11-08,1613300,29.790000915527344,28.260000228881836,29.979000091552734,28.079999923706055
RXO,2024-11-11,1143000,29.40999984741211,29.799999237060547,30.485000610351562,29.3700008392334
RXO,2024-11-12,972900,27.799999237060547,29.0,29.084999084472656,27.6299991607666
RXO,2024-11-13,729800,27.84000015258789,27.81999969482422,28.200000762939453,27.5
RXO,2024-11-14,651500,27.489999771118164,27.93000030517578,27.989999771118164,27.360000610351562
RXO,2024-11-15,859600,27.25,28.100000381469727,28.100000381469727,26.84000015258789
RXO,2024-11-18,651400,27.1200008392334,27.420000076293945,27.559999465942383,26.8700008392334
RXO,2024-11-19,570000,27.420000076293945,26.81999969482422,27.520000457763672,26.670000076293945
RXO,2024-11-20,597900,27.540000915527344,27.469999313354492,27.549999237060547,27.110000610351562
RXO,2024-11-21,537800,27.90999984741211,27.760000228881836,28.2450008392334,27.670000076293945
RXO,2024-11-22,716100,28.360000610351562,28.100000381469727,28.559999465942383,28.014999389648438
RXO,2024-11-25,1707100,30.420000076293945,28.670000076293945,30.549999237060547,28.670000076293945
RXO,2024-11-26,1082700,30.8799991607666,30.6200008392334,30.979999542236328,30.25
RXO,2024-11-27,710300,29.889999389648438,31.0,31.110000610351562,29.8700008392334
RXO,2024-11-29,507500,30.149999618530273,29.989999771118164,30.31999969482422,29.84000015258789
RXO,2024-12-02,673500,30.030000686645508,30.399999618530273,30.399999618530273,29.565000534057617
RXO,2024-12-03,626100,29.030000686645508,30.0,30.05500030517578,29.0
RXO,2024-12-04,788100,29.309999465942383,28.940000534057617,29.520000457763672,28.934999465942383
RXO,2024-12-05,634400,28.360000610351562,29.34000015258789,29.420000076293945,28.299999237060547
RXO,2024-12-06,730100,28.549999237060547,28.709999084472656,29.270000457763672,28.06999969482422
RXO,2024-12-09,891400,28.6200008392334,29.0,29.329999923706055,28.020000457763672
RXO,2024-12-10,1075100,28.360000610351562,28.6299991607666,28.84000015258789,28.09000015258789
RXO,2024-12-11,837300,28.8700008392334,28.75,29.600000381469727,28.34000015258789
RXO,2024-12-12,732000,28.270000457763672,28.780000686645508,28.940000534057617,28.079999923706055
RXO,2024-12-13,823400,27.290000915527344,28.219999313354492,28.610000610351562,27.260000228881836
RXO,2024-12-16,1344700,27.18000030517578,27.329999923706055,27.459999084472656,26.84000015258789
RXO,2024-12-17,1113600,26.5,26.940000534057617,27.280000686645508,26.46500015258789
RXO,2024-12-18,1433100,25.1299991607666,26.56999969482422,27.18000030517578,24.90999984741211
RXO,2024-12-19,1959500,24.829999923706055,25.290000915527344,25.479999542236328,24.020000457763672
RXO,2024-12-20,6226800,25.0,24.655000686645508,25.149999618530273,23.809999465942383
RXO,2024-12-23,1557400,23.459999084472656,24.790000915527344,24.790000915527344,23.43000030517578
RXO,2024-12-24,290200,23.969999313354492,23.5,24.059999465942383,23.424999237060547
RXO,2024-12-26,796300,24.1299991607666,23.670000076293945,24.170000076293945,23.3700008392334
RXO,2024-12-27,801200,24.360000610351562,23.889999389648438,24.364999771118164,23.700000762939453
RXO,2024-12-30,743800,24.100000381469727,24.15999984741211,24.3700008392334,23.829999923706055
RXO,2024-12-31,983900,23.84000015258789,24.290000915527344,24.6200008392334,23.760000228881836
RXO,2025-01-02,660400,23.670000076293945,24.18000030517578,24.364999771118164,23.635000228881836
RXO,2025-01-03,1046300,25.170000076293945,23.690000534057617,25.249000549316406,23.530000686645508
RXO,2025-01-06,1134800,25.729999542236328,25.399999618530273,26.049999237060547,25.1299991607666
RXO,2025-01-07,1020700,25.299999237060547,25.719999313354492,25.790000915527344,24.889999389648438
RXO,2025-01-08,694600,25.200000762939453,25.020000457763672,25.34000015258789,24.6299991607666
RXO,2025-01-10,1307500,24.270000457763672,24.639999389648438,24.790000915527344,24.1200008392334
RXO,2025-01-13,724600,24.790000915527344,23.979999542236328,24.790000915527344,23.43899917602539
RXO,2025-01-14,730800,24.979999542236328,25.040000915527344,25.25,24.600000381469727
RXO,2025-01-15,1010000,25.280000686645508,25.729999542236328,25.899999618530273,24.850000381469727
RXO,2025-01-16,831300,25.56999969482422,25.309999465942383,25.639999389648438,25.1200008392334
RXO,2025-01-17,1083700,25.209999084472656,25.920000076293945,25.989999771118164,25.079999923706055
RXO,2025-01-21,752500,25.8799991607666,25.420000076293945,25.889999389648438,25.204999923706055
RXO,2025-01-22,831200,25.829999923706055,25.940000534057617,26.149999618530273,25.621999740600586
RXO,2025-01-23,912600,26.190000534057617,26.059999465942383,26.40999984741211,25.739999771118164
RXO,2025-01-24,859400,25.860000610351562,26.09000015258789,26.229999542236328,25.770000457763672
RXO,2025-01-27,893000,26.809999465942383,25.959999084472656,26.920000076293945,25.719999313354492
RXO,2025-01-28,2058200,25.989999771118164,26.700000762939453,26.920000076293945,25.8700008392334
RXO,2025-01-29,1016700,25.899999618530273,25.889999389648438,26.440000534057617,25.774999618530273
RXO,2025-01-30,596600,25.75,25.889999389648438,26.040000915527344,25.530000686645508
RXO,2025-01-31,889300,25.649999618530273,25.829999923706055,26.290000915527344,25.469999313354492
RXO,2025-02-03,1057600,24.639999389648438,25.1299991607666,25.434999465942383,24.56999969482422
RXO,2025-02-04,1164500,25.260000228881836,24.6200008392334,25.5,24.520000457763672
RXO,2025-02-05,3659800,21.489999771118164,24.510000228881836,25.0,20.5049991607666
RXO,2025-02-06,2213400,21.469999313354492,21.510000228881836,21.670000076293945,20.649999618530273
RXO,2025-02-07,1982000,20.510000228881836,21.459999084472656,21.565000534057617,20.299999237060547
RXO,2025-02-10,1456600,21.489999771118164,20.690000534057617,21.510000228881836,20.46500015258789
RXO,2025-02-11,1009400,20.8799991607666,21.309999465942383,21.459999084472656,20.459999084472656
RXO,2025-02-12,993500,19.860000610351562,20.3700008392334,20.597999572753906,19.860000610351562
RXO,2025-02-13,1071200,20.940000534057617,20.030000686645508,20.989999771118164,19.8799991607666
RXO,2025-02-14,1018000,21.56999969482422,21.030000686645508,21.639999389648438,20.850000381469727
