ts_code,trade_date,open,high,low,close,pre_close,change,pct_chg,vol,amount
002351.SZ,20250512,13.54,13.64,13.46,13.64,13.35,0.29,2.1723,133702.75,181156.2
002351.SZ,20250509,13.63,13.63,13.31,13.35,13.64,-0.29,-2.1261,130652.82,175043.72
002351.SZ,20250508,13.18,13.71,13.15,13.64,13.23,0.41,3.099,244435.36,330646.939
002351.SZ,20250507,13.55,13.65,13.1,13.23,13.28,-0.05,-0.3765,140101.43,186144.587
002351.SZ,20250506,13.06,13.29,12.98,13.28,13.01,0.27,2.0753,148332.14,195133.361
002351.SZ,20250430,12.88,13.1,12.86,13.01,12.81,0.2,1.5613,94734.36,123257.584
002351.SZ,20250429,12.65,12.9,12.53,12.81,12.67,0.14,1.105,84897.0,108671.75
002351.SZ,20250428,12.75,12.81,12.57,12.67,12.81,-0.14,-1.0929,88886.0,112545.654
002351.SZ,20250425,12.89,13.03,12.78,12.81,13.01,-0.2,-1.5373,147065.24,189292.39
002351.SZ,20250424,13.1,13.27,12.96,13.01,13.16,-0.15,-1.1398,97498.78,127644.834
002351.SZ,20250423,13.08,13.25,12.99,13.16,12.94,0.22,1.7002,141598.88,185820.421
002351.SZ,20250422,12.9,12.97,12.8,12.94,12.95,-0.01,-0.0772,81167.67,104623.963
002351.SZ,20250421,12.79,12.98,12.65,12.95,12.77,0.18,1.4096,82218.0,105818.491
002351.SZ,20250418,12.67,12.8,12.61,12.77,12.68,0.09,0.7098,69082.0,87802.037
002351.SZ,20250417,12.52,12.85,12.5,12.68,12.63,0.05,0.3959,89614.98,114110.698
002351.SZ,20250416,12.81,12.81,12.41,12.63,12.81,-0.18,-1.4052,96260.74,121340.736
002351.SZ,20250415,12.78,12.88,12.59,12.81,12.77,0.04,0.3132,89659.0,114223.72
002351.SZ,20250414,13.11,13.18,12.72,12.77,12.64,0.13,1.0285,165696.48,214007.2
002351.SZ,20250411,12.37,12.75,12.35,12.64,12.54,0.1,0.7974,145168.18,183112.158
002351.SZ,20250410,12.6,12.84,12.48,12.54,12.12,0.42,3.4653,192662.5,243579.007
002351.SZ,20250409,11.78,12.24,11.02,12.12,12.06,0.06,0.4975,227152.75,266364.522
002351.SZ,20250408,12.12,12.74,11.68,12.06,12.73,-0.67,-5.2632,236779.23,286831.697
002351.SZ,20250407,13.0,13.15,12.73,12.73,14.14,-1.41,-9.9717,114453.5,146546.202
002351.SZ,20250403,14.52,14.63,14.05,14.14,14.69,-0.55,-3.744,146815.5,209894.38
002351.SZ,20250402,14.58,14.74,14.3,14.69,14.52,0.17,1.1708,112467.54,163382.537
002351.SZ,20250401,14.62,14.71,14.45,14.52,14.58,-0.06,-0.4115,75206.5,109519.789
002351.SZ,20250331,14.95,14.95,14.55,14.58,15.14,-0.56,-3.6988,134307.77,197139.749
002351.SZ,20250328,15.24,15.32,15.14,15.14,15.25,-0.11,-0.7213,64661.85,98324.993
002351.SZ,20250327,15.23,15.33,14.99,15.25,15.27,-0.02,-0.131,76308.17,115839.541
002351.SZ,20250326,15.24,15.39,15.24,15.27,15.31,-0.04,-0.2613,69605.0,106488.143
002351.SZ,20250325,15.36,15.45,15.2,15.31,15.41,-0.1,-0.6489,91312.17,139911.282
002351.SZ,20250324,15.27,15.46,15.11,15.41,15.27,0.14,0.9168,119409.51,182588.353
002351.SZ,20250321,15.58,15.65,15.18,15.27,15.83,-0.56,-3.5376,200725.12,308974.358
002351.SZ,20250320,16.32,16.47,15.79,15.83,16.17,-0.34,-2.1027,249228.56,400258.963
002351.SZ,20250319,15.93,16.45,15.72,16.17,15.99,0.18,1.1257,295642.14,473748.903
002351.SZ,20250318,15.7,16.17,15.6,15.99,15.69,0.3,1.912,279526.53,446605.165
002351.SZ,20250317,15.81,16.06,15.59,15.69,15.57,0.12,0.7707,170398.91,268618.36
002351.SZ,20250314,15.21,15.58,15.16,15.57,15.26,0.31,2.0315,193283.38,298200.42
002351.SZ,20250313,15.56,15.56,15.15,15.26,15.56,-0.3,-1.928,168650.49,257117.969
002351.SZ,20250312,15.4,15.8,15.22,15.56,15.34,0.22,1.4342,255304.3,395831.079
002351.SZ,20250311,15.1,15.45,15.05,15.34,15.3,0.04,0.2614,118407.17,180672.702
002351.SZ,20250310,15.45,15.48,15.09,15.3,15.46,-0.16,-1.0349,159212.58,242328.086
002351.SZ,20250307,15.58,15.71,15.3,15.46,15.71,-0.25,-1.5913,176919.25,274650.616
002351.SZ,20250306,15.41,15.79,15.35,15.71,15.3,0.41,2.6797,214112.7,334658.869
002351.SZ,20250305,15.33,15.41,15.15,15.3,15.29,0.01,0.0654,126782.64,193312.343
002351.SZ,20250304,15.11,15.29,15.02,15.29,15.14,0.15,0.9908,143175.58,217374.453
002351.SZ,20250303,15.41,15.61,15.0,15.14,15.39,-0.25,-1.6244,219380.88,335333.269
002351.SZ,20250228,16.08,16.08,15.36,15.39,16.23,-0.84,-5.1756,233754.22,365379.523
002351.SZ,20250227,16.66,16.75,15.9,16.23,16.64,-0.41,-2.4639,281666.48,457431.019
002351.SZ,20250226,16.47,16.86,16.24,16.64,16.55,0.09,0.5438,306846.34,507206.043
002351.SZ,20250225,16.0,16.92,15.84,16.55,16.29,0.26,1.5961,365241.91,602354.103
002351.SZ,20250224,16.55,16.68,16.2,16.29,16.73,-0.44,-2.63,262215.79,428734.874
002351.SZ,20250221,16.73,16.85,16.42,16.73,16.65,0.08,0.4805,359353.6,599433.624
002351.SZ,20250220,16.09,16.73,16.01,16.65,15.96,0.69,4.3233,392112.65,645136.093
002351.SZ,20250219,15.84,16.04,15.64,15.96,15.84,0.12,0.7576,253590.68,402967.964
002351.SZ,20250218,16.71,16.73,15.72,15.84,16.7,-0.86,-5.1497,315075.67,510385.87
002351.SZ,20250217,16.77,16.95,16.51,16.7,16.77,-0.07,-0.4174,218272.0,364081.257
002351.SZ,20250214,16.71,16.83,16.35,16.77,16.76,0.01,0.0597,225006.18,373798.658
002351.SZ,20250213,17.65,17.67,16.67,16.76,17.65,-0.89,-5.0425,366581.35,621205.521
002351.SZ,20250212,17.47,17.98,17.47,17.65,17.35,0.3,1.7291,288854.3,511330.791
002351.SZ,20250211,17.66,17.88,17.23,17.35,17.48,-0.13,-0.7437,225474.87,393304.959
002351.SZ,20250210,17.27,17.55,17.01,17.48,17.28,0.2,1.1574,264095.57,456331.734
002351.SZ,20250207,17.42,17.6,17.0,17.28,17.53,-0.25,-1.4261,324857.66,563638.841
002351.SZ,20250206,16.66,17.79,16.66,17.53,16.65,0.88,5.2853,380953.94,663680.86
002351.SZ,20250205,16.33,17.07,16.33,16.65,16.0,0.65,4.0625,283073.4,473205.497
002351.SZ,20250127,16.63,16.76,16.0,16.0,16.52,-0.52,-3.1477,178685.72,289985.51
002351.SZ,20250124,15.71,16.55,15.69,16.52,15.77,0.75,4.7559,286069.78,466241.126
002351.SZ,20250123,16.29,16.42,15.77,15.77,16.1,-0.33,-2.0497,235625.65,379537.582
002351.SZ,20250122,16.2,16.33,15.97,16.1,16.46,-0.36,-2.1871,220013.88,354580.579
002351.SZ,20250121,15.97,16.62,15.9,16.46,15.81,0.65,4.1113,343830.4,559415.315
002351.SZ,20250120,15.55,15.97,15.49,15.81,15.41,0.4,2.5957,248505.53,392119.643
002351.SZ,20250117,15.16,15.53,15.07,15.41,15.31,0.1,0.6532,182876.47,280272.689
002351.SZ,20250116,15.54,15.84,15.07,15.31,15.43,-0.12,-0.7777,203329.89,313476.124
002351.SZ,20250115,15.55,15.64,15.33,15.43,15.54,-0.11,-0.7079,178520.48,275760.722
002351.SZ,20250114,14.66,15.56,14.51,15.54,14.53,1.01,6.9511,251931.27,383307.199
002351.SZ,20250113,14.5,14.77,14.16,14.53,14.87,-0.34,-2.2865,219600.0,319251.933
002351.SZ,20250110,15.4,15.65,14.83,14.87,15.5,-0.63,-4.0645,210955.68,321899.492
002351.SZ,20250109,15.0,15.75,15.0,15.5,15.13,0.37,2.4455,262916.78,407788.242
002351.SZ,20250108,15.45,15.55,14.53,15.13,15.54,-0.41,-2.6384,324091.35,484655.947
002351.SZ,20250107,15.04,15.56,15.0,15.54,15.04,0.5,3.3245,274601.5,421570.619
002351.SZ,20250106,16.05,16.23,14.88,15.04,16.24,-1.2,-7.3892,364145.86,557596.383
002351.SZ,20250103,16.3,16.66,15.62,16.24,16.18,0.06,0.3708,305649.29,495017.516
002351.SZ,20250102,16.4,16.75,15.96,16.18,16.5,-0.32,-1.9394,236532.44,387496.227
002351.SZ,20241231,17.68,17.73,16.46,16.5,17.8,-1.3,-7.3034,397705.08,670356.543
002351.SZ,20241230,18.07,18.6,17.5,17.8,18.21,-0.41,-2.2515,358211.25,639996.862
002351.SZ,20241227,18.26,18.96,18.17,18.21,18.31,-0.1,-0.5461,365189.22,677978.756
002351.SZ,20241226,17.6,18.54,17.52,18.31,17.71,0.6,3.3879,343026.87,623289.485
002351.SZ,20241225,17.48,18.12,16.92,17.71,17.54,0.17,0.9692,332424.62,583059.412
002351.SZ,20241224,17.23,17.67,16.98,17.54,17.27,0.27,1.5634,297150.4,515547.395
002351.SZ,20241223,18.32,18.48,17.15,17.27,18.32,-1.05,-5.7314,448264.99,783103.98
002351.SZ,20241220,17.88,19.2,17.8,18.32,18.1,0.22,1.2155,532209.38,991310.649
002351.SZ,20241219,18.46,18.85,17.5,18.1,18.96,-0.86,-4.5359,612915.42,1103121.647
002351.SZ,20241218,17.88,19.33,17.45,18.96,17.85,1.11,6.2185,528380.54,979370.495
002351.SZ,20241217,18.56,18.65,17.5,17.85,18.68,-0.83,-4.4433,464877.31,834282.942
002351.SZ,20241216,19.4,19.8,18.37,18.68,20.04,-1.36,-6.7864,650171.67,1242458.842
002351.SZ,20241213,18.25,20.41,18.2,20.04,18.55,1.49,8.0323,1047507.48,2055934.646
002351.SZ,20241212,18.99,19.09,17.91,18.55,18.55,0.0,0.0,760312.43,1399324.451
002351.SZ,20241211,16.85,18.55,16.8,18.55,16.86,1.69,10.0237,687571.93,1237641.014
002351.SZ,20241210,16.8,17.55,16.4,16.86,16.31,0.55,3.3722,605051.34,1029615.007
002351.SZ,20241209,16.15,16.95,16.07,16.31,16.14,0.17,1.0533,345507.12,569003.974
002351.SZ,20241206,16.05,16.59,15.88,16.14,16.1,0.04,0.2484,247005.18,399921.33
002351.SZ,20241205,15.85,16.68,15.85,16.1,15.86,0.24,1.5132,305174.86,497018.516
002351.SZ,20241204,16.5,16.68,15.77,15.86,16.57,-0.71,-4.2849,283383.76,455947.851
002351.SZ,20241203,16.72,16.85,16.23,16.57,16.83,-0.26,-1.5449,310515.42,511738.635
002351.SZ,20241202,16.12,17.3,16.11,16.83,16.2,0.63,3.8889,449320.6,754857.077
002351.SZ,20241129,15.67,16.48,15.47,16.2,15.76,0.44,2.7919,348776.42,559004.049
002351.SZ,20241128,15.79,16.3,15.59,15.76,15.91,-0.15,-0.9428,442853.79,709022.294
002351.SZ,20241127,14.8,16.0,14.31,15.91,14.86,1.05,7.0659,488947.5,740732.162
002351.SZ,20241126,15.0,15.33,14.82,14.86,15.17,-0.31,-2.0435,287394.4,430953.464
002351.SZ,20241125,16.52,16.88,14.9,15.17,16.55,-1.38,-8.3384,696610.5,1068900.614
002351.SZ,20241122,15.87,17.61,15.8,16.55,16.06,0.49,3.0511,707871.64,1195951.064
002351.SZ,20241121,16.47,17.0,15.93,16.06,16.66,-0.6,-3.6014,375454.65,612308.71
002351.SZ,20241120,15.91,17.18,15.81,16.66,15.97,0.69,4.3206,471544.55,781306.252
002351.SZ,20241119,15.72,16.11,15.18,15.97,15.95,0.02,0.1254,490000.92,763607.501
002351.SZ,20241118,17.28,17.31,15.77,15.95,17.28,-1.33,-7.6968,734675.15,1189958.039
002351.SZ,20241115,16.3,17.8,16.3,17.28,16.18,1.1,6.7985,1051537.43,1837273.592
002351.SZ,20241114,16.9,17.76,16.11,16.18,16.61,-0.43,-2.5888,446892.36,752766.598
002351.SZ,20241113,15.5,16.83,15.5,16.61,15.87,0.74,4.6629,653037.7,1070189.919
002351.SZ,20241112,15.6,16.48,15.14,15.87,15.69,0.18,1.1472,614270.34,967223.055
002351.SZ,20241111,14.38,15.91,14.31,15.69,14.5,1.19,8.2069,631255.86,968146.197
002351.SZ,20241108,14.7,14.94,14.46,14.5,14.66,-0.16,-1.0914,282174.69,413903.389
002351.SZ,20241107,14.68,14.82,14.42,14.66,14.89,-0.23,-1.5447,317907.34,464055.182
002351.SZ,20241106,15.4,15.4,14.79,14.89,15.31,-0.42,-2.7433,384980.97,581453.881
002351.SZ,20241105,14.58,15.81,14.4,15.31,14.44,0.87,6.0249,596754.59,899279.356
002351.SZ,20241104,14.08,14.65,14.06,14.44,14.2,0.24,1.6901,236914.71,342472.081
002351.SZ,20241101,14.95,15.13,14.2,14.2,15.04,-0.84,-5.5851,428809.93,622257.396
002351.SZ,20241031,14.7,15.05,14.08,15.04,14.65,0.39,2.6621,544080.08,788684.632
002351.SZ,20241030,14.36,15.29,14.34,14.65,14.57,0.08,0.5491,594900.21,886898.946
002351.SZ,20241029,15.16,15.6,14.53,14.57,14.96,-0.39,-2.607,891005.63,1338319.937
002351.SZ,20241028,14.24,14.96,14.14,14.96,13.6,1.36,10.0,806161.0,1195241.483
002351.SZ,20241025,13.7,13.75,13.37,13.6,13.81,-0.21,-1.5206,340412.04,461063.403
002351.SZ,20241024,13.48,14.17,13.34,13.81,13.6,0.21,1.5441,373707.18,512433.828
002351.SZ,20241023,14.0,14.0,13.56,13.6,14.03,-0.43,-3.0649,357404.0,491725.549
002351.SZ,20241022,13.69,14.52,13.3,14.03,13.6,0.43,3.1618,577352.0,801744.591
002351.SZ,20241021,13.26,13.97,13.1,13.6,13.29,0.31,2.3326,729778.62,985996.695
002351.SZ,20241018,12.2,13.42,12.15,13.29,12.2,1.09,8.9344,885359.1,1156901.986
002351.SZ,20241017,11.88,12.48,11.88,12.2,11.84,0.36,3.0405,377797.41,463172.981
002351.SZ,20241016,11.72,11.98,11.67,11.84,11.98,-0.14,-1.1686,242065.35,285392.782
002351.SZ,20241015,12.16,12.39,11.98,11.98,12.3,-0.32,-2.6016,407199.51,495793.231
002351.SZ,20241014,11.32,12.4,11.32,12.3,11.95,0.35,2.9289,530764.55,630930.261
002351.SZ,20241011,13.4,13.53,11.8,11.95,13.11,-1.16,-8.8482,779743.35,972518.058
002351.SZ,20241010,12.5,13.53,12.17,13.11,12.3,0.81,6.5854,912861.66,1198103.28
002351.SZ,20241009,12.69,13.12,12.11,12.3,13.19,-0.89,-6.7475,490361.43,620500.143
002351.SZ,20241008,13.64,13.64,12.22,13.19,12.4,0.79,6.371,635127.15,829411.088
002351.SZ,20240930,11.99,12.4,11.5,12.4,11.28,1.12,9.9291,537212.67,645873.093
002351.SZ,20240927,10.78,11.42,10.76,11.28,10.59,0.69,6.5156,352040.53,389705.315
002351.SZ,20240926,10.2,10.6,10.1,10.59,10.24,0.35,3.418,239921.14,248369.074
002351.SZ,20240925,10.17,10.62,10.17,10.24,10.05,0.19,1.8905,282722.18,293437.764
002351.SZ,20240924,9.65,10.11,9.54,10.05,9.64,0.41,4.2531,281218.0,277381.038
002351.SZ,20240923,9.88,10.03,9.61,9.64,9.67,-0.03,-0.3102,193382.35,189256.29
002351.SZ,20240920,9.59,9.68,9.54,9.67,9.59,0.08,0.8342,100391.0,96534.121
002351.SZ,20240919,9.35,9.65,9.28,9.59,9.24,0.35,3.7879,122508.95,116248.202
002351.SZ,20240918,9.46,9.47,9.07,9.24,9.42,-0.18,-1.9108,114442.27,105555.782
002351.SZ,20240913,9.67,9.72,9.41,9.42,9.67,-0.25,-2.5853,111983.0,106947.452
002351.SZ,20240912,9.82,9.89,9.67,9.67,9.76,-0.09,-0.9221,76770.0,75011.261
002351.SZ,20240911,9.87,9.88,9.7,9.76,9.92,-0.16,-1.6129,70808.0,69272.879
002351.SZ,20240910,9.84,9.98,9.65,9.92,9.8,0.12,1.2245,100921.3,98798.518
002351.SZ,20240909,9.9,9.93,9.74,9.8,9.92,-0.12,-1.2097,92660.0,90991.317
002351.SZ,20240906,10.09,10.1,9.9,9.92,10.08,-0.16,-1.5873,97514.0,97136.894
002351.SZ,20240905,10.08,10.17,9.99,10.08,10.03,0.05,0.4985,115095.1,116008.685
002351.SZ,20240904,9.99,10.18,9.92,10.03,10.11,-0.08,-0.7913,139980.0,140416.523
002351.SZ,20240903,10.03,10.15,9.95,10.11,9.97,0.14,1.4042,130831.24,131650.803
002351.SZ,20240902,10.4,10.52,9.96,9.97,10.4,-0.43,-4.1346,198066.4,201019.725
002351.SZ,20240830,9.92,10.57,9.92,10.4,9.9,0.5,5.0505,301866.03,312750.489
002351.SZ,20240829,9.52,9.96,9.52,9.9,9.63,0.27,2.8037,218055.31,213350.218
002351.SZ,20240828,9.72,9.79,9.46,9.63,9.76,-0.13,-1.332,218010.83,209414.666
002351.SZ,20240827,10.25,10.25,9.7,9.76,10.24,-0.48,-4.6875,241299.42,238488.401
002351.SZ,20240826,10.27,10.34,10.07,10.24,10.27,-0.03,-0.2921,125459.9,128200.089
002351.SZ,20240823,10.35,10.44,10.2,10.27,10.49,-0.22,-2.0972,228281.73,235546.067
002351.SZ,20240822,11.47,11.47,10.35,10.49,11.5,-1.01,-8.7826,459350.5,491337.438
002351.SZ,20240821,11.25,11.6,11.22,11.5,11.35,0.15,1.3216,114734.0,131757.651
002351.SZ,20240820,11.53,11.59,11.3,11.35,11.57,-0.22,-1.9015,83210.0,94947.672
002351.SZ,20240819,11.7,11.75,11.51,11.57,11.7,-0.13,-1.1111,85632.21,99468.803
002351.SZ,20240816,11.49,11.84,11.49,11.7,11.58,0.12,1.0363,156109.76,183039.822
002351.SZ,20240815,11.45,11.75,11.42,11.58,11.62,-0.04,-0.3442,151158.24,174940.522
002351.SZ,20240814,11.35,11.79,11.24,11.62,11.33,0.29,2.5596,173579.24,200150.154
002351.SZ,20240813,11.2,11.34,11.14,11.33,11.2,0.13,1.1607,63025.0,70899.577
002351.SZ,20240812,11.29,11.39,11.16,11.2,11.36,-0.16,-1.4085,64984.08,73070.251
002351.SZ,20240809,11.32,11.48,11.3,11.36,11.32,0.04,0.3534,82263.82,93688.678
002351.SZ,20240808,11.27,11.41,11.1,11.32,11.27,0.05,0.4437,83744.79,94269.026
002351.SZ,20240807,11.24,11.38,11.21,11.27,11.32,-0.05,-0.4417,76870.0,86791.009
002351.SZ,20240806,11.33,11.41,11.15,11.32,11.16,0.16,1.4337,87930.64,98978.842
002351.SZ,20240805,11.5,11.66,11.15,11.16,11.61,-0.45,-3.876,142627.29,161966.269
002351.SZ,20240802,11.8,11.95,11.61,11.61,11.92,-0.31,-2.6007,123232.5,144815.244
002351.SZ,20240801,11.87,12.01,11.82,11.92,11.83,0.09,0.7608,162366.73,193429.236
002351.SZ,20240731,11.29,11.83,11.24,11.83,11.31,0.52,4.5977,197534.07,229919.441
002351.SZ,20240730,11.69,11.69,11.21,11.31,11.75,-0.44,-3.7447,209307.39,238159.809
002351.SZ,20240729,11.88,11.98,11.72,11.75,11.94,-0.19,-1.5913,117249.84,138305.46
002351.SZ,20240726,11.75,12.02,11.75,11.94,11.77,0.17,1.4444,128729.73,153333.338
002351.SZ,20240725,12.04,12.04,11.69,11.77,12.07,-0.3,-2.4855,160071.92,189404.651
002351.SZ,20240724,12.15,12.37,12.03,12.07,12.19,-0.12,-0.9844,151440.0,184347.316
002351.SZ,20240723,12.6,12.61,12.17,12.19,12.62,-0.43,-3.4073,153608.5,189435.855
002351.SZ,20240722,12.63,12.75,12.41,12.62,12.65,-0.03,-0.2372,121060.14,152170.33
002351.SZ,20240719,12.6,12.9,12.49,12.65,12.6,0.05,0.3968,149670.14,190464.816
002351.SZ,20240718,12.59,12.71,12.27,12.6,12.78,-0.18,-1.4085,164397.0,205111.162
002351.SZ,20240717,13.1,13.1,12.77,12.78,13.15,-0.37,-2.8137,163786.0,211299.853
002351.SZ,20240716,12.92,13.22,12.86,13.15,12.99,0.16,1.2317,229058.5,299511.982
002351.SZ,20240715,13.22,13.33,12.88,12.99,13.2,-0.21,-1.5909,157275.0,205101.463
002351.SZ,20240712,13.48,13.53,13.15,13.2,13.59,-0.39,-2.8698,214856.0,284511.945
002351.SZ,20240711,13.15,13.89,12.96,13.59,12.88,0.71,5.5124,441461.98,597742.717
002351.SZ,20240710,12.73,13.03,12.7,12.88,12.79,0.09,0.7037,246976.6,317622.114
002351.SZ,20240709,11.98,12.8,11.83,12.79,12.01,0.78,6.4946,354610.41,442317.773
002351.SZ,20240708,12.43,12.47,12.0,12.01,12.52,-0.51,-4.0735,213523.56,260062.304
002351.SZ,20240705,12.38,12.69,12.08,12.52,12.49,0.03,0.2402,250527.3,308844.686
002351.SZ,20240704,12.31,13.18,12.31,12.49,12.3,0.19,1.5447,355766.56,454964.863
002351.SZ,20240703,12.57,12.61,12.12,12.3,12.62,-0.32,-2.5357,177037.0,218158.259
002351.SZ,20240702,12.88,12.98,12.53,12.62,12.89,-0.27,-2.0946,176016.16,223443.976
002351.SZ,20240701,13.15,13.24,12.44,12.89,13.15,-0.26,-1.9772,301879.0,386238.195
002351.SZ,20240628,12.79,13.48,12.62,13.15,13.08,0.07,0.5352,422402.06,557662.908
002351.SZ,20240627,12.57,13.48,12.43,13.08,12.6,0.48,3.8095,441053.23,578354.443
002351.SZ,20240626,12.12,12.62,11.94,12.6,12.07,0.53,4.3911,146584.0,180875.668
002351.SZ,20240625,12.4,12.48,11.93,12.07,12.39,-0.32,-2.5827,126024.0,153335.807
002351.SZ,20240624,12.74,12.99,12.37,12.39,12.76,-0.37,-2.8997,150436.89,190503.543
002351.SZ,20240621,12.71,12.84,12.43,12.76,12.74,0.02,0.157,95124.0,120475.764
002351.SZ,20240620,12.96,13.05,12.72,12.74,13.04,-0.3,-2.3006,114243.18,147146.899
002351.SZ,20240619,13.22,13.32,12.94,13.04,13.21,-0.17,-1.2869,180157.96,235912.75
002351.SZ,20240618,13.05,13.21,12.9,13.21,13.04,0.17,1.3037,204637.5,267630.2
002351.SZ,20240617,12.72,13.07,12.65,13.04,12.74,0.3,2.3548,195726.74,253575.514
002351.SZ,20240614,12.97,13.16,12.6,12.94,13.0,-0.06,-0.4615,174729.0,223911.12
002351.SZ,20240613,12.84,13.28,12.83,13.0,12.9,0.1,0.7752,209060.41,274057.787
002351.SZ,20240612,12.6,13.18,12.6,12.9,12.5,0.4,3.2,235156.43,304951.136
002351.SZ,20240611,12.3,12.54,12.05,12.5,12.41,0.09,0.7252,133592.5,164761.01
002351.SZ,20240607,12.49,12.76,12.2,12.41,12.48,-0.07,-0.5609,164034.0,203361.517
002351.SZ,20240606,12.72,13.18,12.45,12.48,12.73,-0.25,-1.9639,244342.38,312196.78
002351.SZ,20240605,12.8,13.0,12.71,12.73,12.83,-0.1,-0.7794,153782.56,197600.838
002351.SZ,20240604,13.19,13.21,12.68,12.83,13.18,-0.35,-2.6555,203177.51,260414.774
002351.SZ,20240603,13.36,13.42,13.07,13.18,13.37,-0.19,-1.4211,200913.46,265138.881
002351.SZ,20240531,12.87,13.48,12.87,13.37,12.87,0.5,3.885,258066.34,344053.675
002351.SZ,20240530,12.61,13.06,12.47,12.87,12.74,0.13,1.0204,166825.0,214376.793
002351.SZ,20240529,12.67,12.95,12.66,12.74,12.75,-0.01,-0.0784,126943.93,162299.859
002351.SZ,20240528,12.71,13.0,12.66,12.75,12.83,-0.08,-0.6235,115357.62,147868.413
002351.SZ,20240527,12.7,12.85,12.5,12.83,12.7,0.13,1.0236,150254.59,190369.719
002351.SZ,20240524,12.93,13.03,12.69,12.7,13.08,-0.38,-2.9052,190393.07,244605.898
002351.SZ,20240523,13.33,13.42,13.06,13.08,13.36,-0.28,-2.0958,189851.78,250925.468
002351.SZ,20240522,13.33,13.41,13.2,13.36,13.44,-0.08,-0.5952,179505.55,239057.887
002351.SZ,20240521,13.26,13.58,13.15,13.44,13.28,0.16,1.2048,269657.33,361061.423
002351.SZ,20240520,13.36,13.44,13.18,13.28,13.45,-0.17,-1.2639,225188.78,299500.734
002351.SZ,20240517,13.26,13.59,13.18,13.45,13.43,0.02,0.1489,276642.25,371050.663
002351.SZ,20240516,13.41,13.59,13.23,13.43,13.4,0.03,0.2239,412633.26,553427.25
002351.SZ,20240515,14.0,14.0,13.35,13.4,14.58,-1.18,-8.0933,679395.73,921653.225
002351.SZ,20240514,15.34,15.44,14.31,14.58,14.04,0.54,3.8462,1009161.65,1497270.1
002351.SZ,20240513,13.29,14.55,13.27,14.04,13.23,0.81,6.1224,667918.39,947796.006
002351.SZ,20240510,13.69,13.73,13.17,13.23,13.76,-0.53,-3.8517,250230.79,333562.58
002351.SZ,20240509,12.7,13.87,12.67,13.76,12.76,1.0,7.837,450645.7,607499.776
002351.SZ,20240508,12.9,13.04,12.68,12.76,12.91,-0.15,-1.1619,195699.38,252583.937
002351.SZ,20240507,12.89,12.98,12.72,12.91,12.89,0.02,0.1552,162515.05,209013.813
002351.SZ,20240506,13.07,13.11,12.77,12.89,12.83,0.06,0.4677,162542.38,210435.183
002351.SZ,20240430,12.92,13.02,12.77,12.83,12.96,-0.13,-1.0031,143395.58,184692.753
002351.SZ,20240429,12.89,13.1,12.88,12.96,12.88,0.08,0.6211,233466.42,302671.699
002351.SZ,20240426,12.48,12.92,12.38,12.88,12.02,0.86,7.1547,316311.41,400423.427
002351.SZ,20240425,12.05,12.16,11.92,12.02,12.07,-0.05,-0.4143,105158.09,126643.369
002351.SZ,20240424,11.79,12.08,11.65,12.07,11.77,0.3,2.5489,127476.87,152074.987
002351.SZ,20240423,11.63,11.82,11.59,11.77,11.6,0.17,1.4655,110882.02,130116.026
002351.SZ,20240422,11.5,11.79,11.3,11.6,11.59,0.01,0.0863,93251.56,107983.206
002351.SZ,20240419,11.75,11.81,11.48,11.59,11.81,-0.22,-1.8628,121963.0,141729.558
002351.SZ,20240418,11.83,11.98,11.58,11.81,11.81,0.0,0.0,142991.29,168825.478
002351.SZ,20240417,11.35,11.97,11.35,11.81,11.21,0.6,5.3524,166963.79,195907.411
002351.SZ,20240416,11.74,11.94,11.18,11.21,11.81,-0.6,-5.0804,166988.96,191011.836
002351.SZ,20240415,11.91,12.11,11.56,11.81,11.99,-0.18,-1.5013,135758.17,160444.39
002351.SZ,20240412,12.03,12.19,11.97,11.99,12.04,-0.05,-0.4153,101462.8,122614.532
002351.SZ,20240411,11.92,12.25,11.88,12.04,12.05,-0.01,-0.083,106013.68,128484.757
002351.SZ,20240410,12.5,12.58,11.92,12.05,12.51,-0.46,-3.6771,141325.93,171327.026
002351.SZ,20240409,12.36,12.57,12.3,12.51,12.36,0.15,1.2136,81975.23,102001.802
002351.SZ,20240408,12.69,12.69,12.35,12.36,12.7,-0.34,-2.6772,112800.02,140770.043
002351.SZ,20240403,12.92,12.92,12.49,12.7,12.93,-0.23,-1.7788,128031.82,162397.996
002351.SZ,20240402,13.3,13.3,12.82,12.93,13.39,-0.46,-3.4354,161541.49,209784.619
002351.SZ,20240401,12.96,13.4,12.93,13.39,12.83,0.56,4.3648,170357.94,225238.858
002351.SZ,20240329,12.85,12.89,12.57,12.83,12.85,-0.02,-0.1556,97735.38,124258.409
002351.SZ,20240328,12.49,13.12,12.36,12.85,12.51,0.34,2.7178,145261.06,186299.613
002351.SZ,20240327,13.1,13.11,12.5,12.51,13.08,-0.57,-4.3578,155224.18,198420.017
002351.SZ,20240326,13.3,13.45,12.95,13.08,13.3,-0.22,-1.6541,156681.06,206583.182
002351.SZ,20240325,13.97,14.05,13.3,13.3,13.9,-0.6,-4.3165,187771.39,256531.621
002351.SZ,20240322,14.12,14.21,13.62,13.9,14.16,-0.26,-1.8362,200925.01,278710.968
002351.SZ,20240321,14.29,14.45,14.13,14.16,14.29,-0.13,-0.9097,162170.58,231289.785
002351.SZ,20240320,14.09,14.34,14.05,14.29,14.09,0.2,1.4194,159954.77,227253.691
002351.SZ,20240319,14.2,14.42,14.01,14.09,14.17,-0.08,-0.5646,202586.29,288150.308
002351.SZ,20240318,13.72,14.18,13.72,14.17,13.68,0.49,3.5819,231036.68,322888.498
002351.SZ,20240315,13.56,13.7,13.38,13.68,13.57,0.11,0.8106,117049.28,158668.117
002351.SZ,20240314,13.83,13.92,13.37,13.57,13.96,-0.39,-2.7937,176627.39,240645.124
002351.SZ,20240313,13.85,14.18,13.76,13.96,13.79,0.17,1.2328,197730.75,275969.935
002351.SZ,20240312,13.7,13.93,13.62,13.79,13.62,0.17,1.2482,169056.58,232843.472
002351.SZ,20240311,13.5,13.62,13.29,13.62,13.58,0.04,0.2946,140056.58,188373.004
002351.SZ,20240308,13.48,13.6,13.32,13.58,13.35,0.23,1.7228,137297.0,185148.641
002351.SZ,20240307,13.81,13.86,13.31,13.35,13.94,-0.59,-4.2324,243379.56,329865.203
002351.SZ,20240306,13.63,14.25,13.46,13.94,13.72,0.22,1.6035,278469.71,386577.495
002351.SZ,20240305,13.84,14.0,13.6,13.72,14.02,-0.3,-2.1398,190596.71,263324.534
002351.SZ,20240304,13.93,14.2,13.63,14.02,13.92,0.1,0.7184,225684.39,314200.716
002351.SZ,20240301,13.61,14.0,13.5,13.92,13.6,0.32,2.3529,225989.06,312799.464
002351.SZ,20240229,12.7,13.62,12.68,13.6,12.91,0.69,5.3447,275853.69,368853.522
002351.SZ,20240228,13.91,14.13,12.88,12.91,14.05,-1.14,-8.1139,369470.96,501401.321
002351.SZ,20240227,13.51,14.05,13.36,14.05,13.81,0.24,1.7379,319576.82,439517.834
002351.SZ,20240226,13.49,14.34,13.3,13.81,13.52,0.29,2.145,362166.05,502200.983
002351.SZ,20240223,13.13,13.55,12.94,13.52,13.11,0.41,3.1274,204317.87,270345.651
002351.SZ,20240222,12.73,13.13,12.72,13.11,12.73,0.38,2.9851,202968.31,262504.538
002351.SZ,20240221,12.47,13.25,12.28,12.73,12.6,0.13,1.0317,231866.4,297234.704
002351.SZ,20240220,12.3,12.67,12.13,12.6,12.47,0.13,1.0425,200812.34,249561.521
002351.SZ,20240219,12.52,12.69,12.01,12.47,12.31,0.16,1.2998,312564.89,385977.954
002351.SZ,20240208,11.75,12.33,11.61,12.31,11.55,0.76,6.5801,292555.63,353616.877
002351.SZ,20240207,11.5,12.14,11.3,11.55,11.33,0.22,1.9417,259716.87,304758.489
002351.SZ,20240206,10.51,11.54,10.21,11.33,10.6,0.73,6.8868,265325.51,289122.46
002351.SZ,20240205,11.46,11.52,10.43,10.6,11.59,-0.99,-8.5418,258484.08,279433.708
002351.SZ,20240202,12.25,12.34,11.1,11.59,12.15,-0.56,-4.6091,190770.53,223872.319
002351.SZ,20240201,12.15,12.5,11.9,12.15,12.15,0.0,0.0,205274.65,250257.842
002351.SZ,20240131,12.7,12.85,12.11,12.15,12.78,-0.63,-4.9296,185956.78,231422.07
002351.SZ,20240130,13.28,13.34,12.7,12.78,13.28,-0.5,-3.7651,161333.69,210333.586
002351.SZ,20240129,13.72,13.78,13.16,13.28,13.62,-0.34,-2.4963,116241.04,155444.458
002351.SZ,20240126,14.0,14.06,13.58,13.62,14.03,-0.41,-2.9223,148246.7,204872.216
002351.SZ,20240125,13.78,14.1,13.52,14.03,13.75,0.28,2.0364,158241.5,219535.935
002351.SZ,20240124,13.69,13.8,13.15,13.75,13.67,0.08,0.5852,165093.11,222762.055
002351.SZ,20240123,13.47,13.77,13.15,13.67,13.5,0.17,1.2593,172649.62,233655.906
002351.SZ,20240122,14.51,14.54,13.19,13.5,14.39,-0.89,-6.1849,208108.54,288923.966
002351.SZ,20240119,14.54,14.69,14.37,14.39,14.53,-0.14,-0.9635,130836.48,189879.124
002351.SZ,20240118,14.64,14.86,14.0,14.53,14.78,-0.25,-1.6915,317642.07,453047.314
002351.SZ,20240117,15.35,15.35,14.72,14.78,15.42,-0.64,-4.1505,190486.5,286487.514
002351.SZ,20240116,15.5,15.72,15.21,15.42,15.24,0.18,1.1811,215140.48,332978.621
002351.SZ,20240115,15.47,15.74,15.17,15.24,15.8,-0.56,-3.5443,218584.87,335462.179
002351.SZ,20240112,15.7,16.82,15.7,15.8,15.68,0.12,0.7653,215284.68,343766.74
002351.SZ,20240111,15.31,15.8,15.22,15.68,15.33,0.35,2.2831,143150.47,222835.458
002351.SZ,20240110,15.6,15.67,14.95,15.33,15.7,-0.37,-2.3567,176367.81,269485.034
002351.SZ,20240109,15.62,15.92,15.56,15.7,15.61,0.09,0.5766,126122.22,198427.809
002351.SZ,20240108,16.06,16.38,15.56,15.61,16.06,-0.45,-2.802,146827.39,232703.182
002351.SZ,20240105,16.62,16.82,16.02,16.06,16.67,-0.61,-3.6593,169203.88,277233.029
002351.SZ,20240104,16.61,16.83,16.5,16.67,16.62,0.05,0.3008,126262.5,210378.242
002351.SZ,20240103,17.17,17.19,16.5,16.62,17.26,-0.64,-3.708,141010.41,236732.385
002351.SZ,20240102,17.8,17.8,17.23,17.26,17.67,-0.41,-2.3203,128570.68,224778.679
002351.SZ,20231229,16.73,17.72,16.71,17.67,16.77,0.9,5.3667,218639.32,380507.634
002351.SZ,20231228,16.71,16.84,16.5,16.77,16.63,0.14,0.8419,152438.11,254632.442
002351.SZ,20231227,16.57,16.7,16.31,16.63,16.52,0.11,0.6659,154303.95,254924.747
002351.SZ,20231226,17.04,17.13,16.24,16.52,17.08,-0.56,-3.2787,173221.75,286603.078
002351.SZ,20231225,17.1,17.19,16.81,17.08,17.05,0.03,0.176,142043.96,241494.839
002351.SZ,20231222,17.37,17.5,16.81,17.05,17.04,0.01,0.0587,222460.61,382738.277
002351.SZ,20231221,17.27,17.48,16.75,17.04,17.49,-0.45,-2.5729,263475.51,447857.238
002351.SZ,20231220,18.03,18.09,17.38,17.49,17.97,-0.48,-2.6711,166118.9,294117.569
002351.SZ,20231219,17.53,18.06,17.48,17.97,17.61,0.36,2.0443,179349.8,320662.016
002351.SZ,20231218,17.77,17.8,17.52,17.61,17.7,-0.09,-0.5085,122597.57,216243.829
002351.SZ,20231215,17.99,18.08,17.56,17.7,17.94,-0.24,-1.3378,127277.62,225574.912
002351.SZ,20231214,18.16,18.34,17.86,17.94,18.15,-0.21,-1.157,116930.3,211425.8
002351.SZ,20231213,18.21,18.4,18.12,18.15,18.39,-0.24,-1.3051,103138.43,188188.747
002351.SZ,20231212,18.4,18.71,18.2,18.39,18.6,-0.21,-1.129,158145.8,291306.174
002351.SZ,20231211,18.08,18.85,18.08,18.6,18.24,0.36,1.9737,276989.18,512728.146
002351.SZ,20231208,18.33,18.54,18.11,18.24,18.3,-0.06,-0.3279,202103.82,370434.594
002351.SZ,20231207,18.0,18.47,17.87,18.3,17.69,0.61,3.4483,249588.57,453604.411
002351.SZ,20231206,17.56,18.1,17.53,17.69,17.68,0.01,0.0566,154073.33,273476.535
002351.SZ,20231205,18.41,18.48,17.68,17.68,18.49,-0.81,-4.3807,213940.2,384275.095
002351.SZ,20231204,18.79,18.87,18.4,18.49,18.68,-0.19,-1.0171,279968.29,521758.967
002351.SZ,20231201,17.83,18.92,17.7,18.68,17.81,0.87,4.8849,316716.42,578318.539
002351.SZ,20231130,17.95,18.16,17.71,17.81,17.95,-0.14,-0.7799,144498.95,258760.1
002351.SZ,20231129,17.98,18.26,17.9,17.95,18.05,-0.1,-0.554,118969.59,214468.692
002351.SZ,20231128,18.16,18.25,17.87,18.05,18.15,-0.1,-0.551,167242.27,301554.774
002351.SZ,20231127,17.56,18.25,17.56,18.15,17.94,0.21,1.1706,198592.86,358896.23
002351.SZ,20231124,18.46,18.73,17.87,17.94,18.84,-0.9,-4.7771,348516.91,633506.372
002351.SZ,20231123,18.37,18.86,17.83,18.84,18.38,0.46,2.5027,399207.61,737685.297
002351.SZ,20231122,18.25,18.87,18.14,18.38,18.33,0.05,0.2728,361393.16,668587.836
002351.SZ,20231121,18.37,18.7,18.2,18.33,18.37,-0.04,-0.2177,372928.03,686617.963
002351.SZ,20231120,18.76,18.85,18.21,18.37,18.99,-0.62,-3.2649,484703.41,893944.759
002351.SZ,20231117,19.07,19.31,18.7,18.99,19.32,-0.33,-1.7081,469297.87,887927.755
002351.SZ,20231116,20.01,20.08,19.26,19.32,20.78,-1.46,-7.026,780882.74,1529966.654
002351.SZ,20231115,20.1,20.9,19.61,20.78,19.0,1.78,9.3684,1109878.9,2288473.604
002351.SZ,20231114,19.5,19.69,18.44,19.0,18.49,0.51,2.7582,665896.36,1271104.011
002351.SZ,20231113,17.31,18.5,17.1,18.49,17.3,1.19,6.8786,503985.58,896478.925
002351.SZ,20231110,17.3,17.7,17.21,17.3,17.5,-0.2,-1.1429,210796.08,367077.492
002351.SZ,20231109,17.76,18.18,17.31,17.5,17.83,-0.33,-1.8508,247877.97,437691.558
002351.SZ,20231108,17.45,18.08,17.38,17.83,17.52,0.31,1.7694,313711.91,557755.172
002351.SZ,20231107,17.65,17.77,17.33,17.52,17.32,0.2,1.1547,347117.82,608774.714
002351.SZ,20231106,17.17,17.6,16.91,17.32,17.17,0.15,0.8736,346644.42,597601.978
002351.SZ,20231103,16.61,17.36,16.3,17.17,16.44,0.73,4.4404,408130.82,694824.411
002351.SZ,20231102,16.16,17.14,16.16,16.44,16.14,0.3,1.8587,361151.08,603920.819
002351.SZ,20231101,16.19,16.58,15.9,16.14,16.29,-0.15,-0.9208,156014.7,253878.038
002351.SZ,20231031,16.8,16.86,16.14,16.29,16.83,-0.54,-3.2086,202760.62,333668.18
002351.SZ,20231030,16.35,16.99,15.8,16.83,16.35,0.48,2.9358,305850.01,503676.844
002351.SZ,20231027,16.47,16.66,16.06,16.35,16.73,-0.38,-2.2714,367175.15,601969.181
002351.SZ,20231026,15.18,16.89,15.01,16.73,15.35,1.38,8.9902,501425.73,820110.668
002351.SZ,20231025,15.48,15.66,15.28,15.35,15.58,-0.23,-1.4763,144699.0,222893.002
002351.SZ,20231024,15.47,15.77,15.38,15.58,15.28,0.3,1.9634,138269.39,214995.068
002351.SZ,20231023,15.51,15.94,15.0,15.28,15.7,-0.42,-2.6752,203989.09,313702.347
002351.SZ,20231020,16.4,16.5,15.67,15.7,16.34,-0.64,-3.9168,166125.36,264910.251
002351.SZ,20231019,16.32,16.68,16.3,16.34,16.53,-0.19,-1.1494,119786.29,197601.917
002351.SZ,20231018,16.77,16.85,16.46,16.53,16.94,-0.41,-2.4203,172318.31,286809.223
002351.SZ,20231017,16.91,17.12,16.66,16.94,16.86,0.08,0.4745,158832.83,267704.556
002351.SZ,20231016,17.0,17.13,16.74,16.86,17.12,-0.26,-1.5187,190772.9,322318.229
002351.SZ,20231013,17.28,17.35,16.9,17.12,17.18,-0.06,-0.3492,226928.08,388773.88
002351.SZ,20231012,17.5,17.55,17.08,17.18,17.5,-0.32,-1.8286,262970.23,452845.738
002351.SZ,20231011,16.38,17.8,16.13,17.5,16.44,1.06,6.4477,428248.52,736570.86
002351.SZ,20231010,16.43,16.62,16.26,16.44,16.48,-0.04,-0.2427,203473.0,334668.634
002351.SZ,20231009,16.3,17.1,16.13,16.48,16.2,0.28,1.7284,413879.68,683885.166
002351.SZ,20230928,15.3,16.74,15.22,16.2,15.22,0.98,6.4389,365063.8,591332.154
002351.SZ,20230927,15.25,15.55,15.22,15.22,15.49,-0.27,-1.7431,122444.1,188116.136
002351.SZ,20230926,15.69,16.14,14.9,15.49,15.38,0.11,0.7152,226094.99,350056.948
002351.SZ,20230925,15.6,15.6,15.27,15.38,15.62,-0.24,-1.5365,97715.03,150525.705
002351.SZ,20230922,15.14,15.64,15.13,15.62,15.22,0.4,2.6281,130997.69,202926.706
002351.SZ,20230921,15.3,15.74,15.11,15.22,15.43,-0.21,-1.361,118775.26,182027.035
002351.SZ,20230920,15.73,15.83,15.4,15.43,15.61,-0.18,-1.1531,108775.49,168986.28
002351.SZ,20230919,15.85,15.89,15.5,15.61,15.87,-0.26,-1.6383,87093.57,135969.537
002351.SZ,20230918,16.07,16.2,15.8,15.87,16.11,-0.24,-1.4898,105675.0,168822.179
002351.SZ,20230915,16.39,16.48,15.95,16.11,16.28,-0.17,-1.0442,94173.68,152162.974
002351.SZ,20230914,16.4,16.52,16.22,16.28,16.45,-0.17,-1.0334,68449.64,111939.887
002351.SZ,20230913,16.71,16.8,16.26,16.45,16.84,-0.39,-2.3159,105852.03,174509.188
002351.SZ,20230912,17.05,17.21,16.8,16.84,17.11,-0.27,-1.578,97126.0,164715.478
002351.SZ,20230911,16.63,17.27,16.56,17.11,16.78,0.33,1.9666,146524.8,248920.119
002351.SZ,20230908,16.54,16.81,16.4,16.78,16.62,0.16,0.9627,78270.5,130225.671
002351.SZ,20230907,16.99,17.15,16.6,16.62,16.95,-0.33,-1.9469,86796.87,145830.092
002351.SZ,20230906,17.0,17.11,16.78,16.95,17.13,-0.18,-1.0508,95352.0,161529.23
002351.SZ,20230905,17.3,17.52,17.0,17.13,17.36,-0.23,-1.3249,130895.44,224854.252
002351.SZ,20230904,17.06,17.38,16.93,17.36,17.05,0.31,1.8182,110712.23,189966.808
002351.SZ,20230901,17.15,17.22,16.93,17.05,17.1,-0.05,-0.2924,76611.6,130689.416
002351.SZ,20230831,17.04,17.25,16.82,17.1,17.25,-0.15,-0.8696,117075.7,199968.924
002351.SZ,20230830,16.8,17.36,16.61,17.25,16.66,0.59,3.5414,219378.32,375559.468
002351.SZ,20230829,15.75,16.86,15.57,16.66,15.71,0.95,6.0471,212659.07,345798.513
002351.SZ,20230828,16.38,16.38,15.6,15.71,15.38,0.33,2.1456,176625.32,280350.071
002351.SZ,20230825,16.09,16.09,15.27,15.38,16.06,-0.68,-4.2341,166680.0,259444.6
002351.SZ,20230824,15.75,16.5,15.64,16.06,15.51,0.55,3.5461,212536.89,339499.887
002351.SZ,20230823,16.62,16.64,15.48,15.51,16.71,-1.2,-7.1813,257882.19,406225.809
002351.SZ,20230822,16.35,16.8,16.17,16.71,16.24,0.47,2.8941,130082.44,214217.562
002351.SZ,20230821,16.34,16.58,16.18,16.24,16.4,-0.16,-0.9756,79694.71,130596.528
002351.SZ,20230818,16.65,17.1,16.4,16.4,16.64,-0.24,-1.4423,129691.24,217060.101
002351.SZ,20230817,16.27,16.78,15.94,16.64,16.3,0.34,2.0859,128563.15,210658.141
002351.SZ,20230816,16.7,16.79,16.24,16.3,16.79,-0.49,-2.9184,114583.33,188525.086
002351.SZ,20230815,17.0,17.19,16.6,16.79,16.98,-0.19,-1.119,91314.95,154150.839
002351.SZ,20230814,17.01,17.12,16.71,16.98,16.91,0.07,0.414,126709.92,214373.46
002351.SZ,20230811,17.32,17.46,16.9,16.91,17.33,-0.42,-2.4235,112131.81,192852.884
002351.SZ,20230810,17.27,17.64,17.18,17.33,17.4,-0.07,-0.4023,106111.78,184262.194
002351.SZ,20230809,17.73,18.05,17.35,17.4,17.8,-0.4,-2.2472,160853.67,283373.043
002351.SZ,20230808,17.71,17.94,17.55,17.8,17.84,-0.04,-0.2242,161318.7,286807.651
002351.SZ,20230807,17.47,18.59,17.34,17.84,17.42,0.42,2.411,359490.71,648481.612
002351.SZ,20230804,16.62,17.63,16.42,17.42,16.65,0.77,4.6246,322668.44,553901.692
002351.SZ,20230803,17.1,17.1,16.52,16.65,17.25,-0.6,-3.4783,236253.73,395517.984
002351.SZ,20230802,16.45,17.35,16.3,17.25,16.54,0.71,4.2926,330332.34,563116.434
002351.SZ,20230801,16.38,16.78,16.12,16.54,16.45,0.09,0.5471,184822.17,303854.666
002351.SZ,20230731,16.38,16.67,16.24,16.45,16.41,0.04,0.2438,158204.75,261144.564
002351.SZ,20230728,16.52,16.63,16.33,16.41,16.42,-0.01,-0.0609,139004.87,228446.972
002351.SZ,20230727,16.54,16.78,16.32,16.42,16.55,-0.13,-0.7855,137021.16,227025.849
002351.SZ,20230726,17.0,17.0,16.48,16.55,17.05,-0.5,-2.9326,206082.79,342682.288
002351.SZ,20230725,17.37,17.54,16.91,17.05,17.51,-0.46,-2.6271,322745.29,550642.115
002351.SZ,20230724,17.22,17.77,17.21,17.51,17.57,-0.06,-0.3415,160573.12,280432.701
002351.SZ,20230721,17.68,18.14,17.48,17.57,17.84,-0.27,-1.5135,192293.46,340382.245
002351.SZ,20230720,18.6,18.8,17.79,17.84,18.43,-0.59,-3.2013,192663.95,348584.948
002351.SZ,20230719,18.72,18.9,18.36,18.43,18.25,0.18,0.9863,169288.87,314287.087
002351.SZ,20230718,18.57,18.74,18.15,18.25,18.47,-0.22,-1.1911,174585.9,320910.259
002351.SZ,20230717,18.8,18.8,18.27,18.47,18.82,-0.35,-1.8597,186811.15,344377.694
002351.SZ,20230714,18.68,19.28,18.5,18.82,18.64,0.18,0.9657,258148.28,489029.016
002351.SZ,20230713,18.46,18.78,18.05,18.64,18.5,0.14,0.7568,203863.46,375043.939
002351.SZ,20230712,19.17,19.37,18.29,18.5,19.09,-0.59,-3.0906,248084.54,465321.153
002351.SZ,20230711,18.78,19.32,18.44,19.09,18.41,0.68,3.6936,296089.35,562446.744
002351.SZ,20230710,18.62,18.88,18.06,18.41,18.62,-0.21,-1.1278,175215.59,321199.82
002351.SZ,20230707,19.0,19.43,17.7,18.62,19.08,-0.46,-2.4109,421844.44,769985.763
002351.SZ,20230706,19.5,20.03,18.7,19.08,19.67,-0.59,-2.9995,280249.03,542151.426
002351.SZ,20230705,19.65,20.18,19.53,19.67,19.9,-0.23,-1.1558,249554.58,494257.766
002351.SZ,20230704,19.85,20.35,19.51,19.9,19.93,-0.03,-0.1505,221157.8,442654.009
002351.SZ,20230703,20.77,21.06,19.15,19.93,20.68,-0.75,-3.6267,338846.76,674742.177
002351.SZ,20230630,20.2,20.9,19.73,20.68,20.22,0.46,2.275,356455.89,723869.247
002351.SZ,20230629,18.97,20.49,18.96,20.22,18.96,1.26,6.6456,405394.92,806168.941
002351.SZ,20230628,19.77,19.89,18.28,18.96,19.77,-0.81,-4.0971,407698.69,763735.412
002351.SZ,20230627,20.0,20.24,19.29,19.77,19.67,0.1,0.5084,281328.01,554778.929
002351.SZ,20230626,21.13,21.74,19.4,19.67,21.5,-1.83,-8.5116,562666.47,1141862.635
002351.SZ,20230621,22.13,22.59,21.37,21.5,22.35,-0.85,-3.8031,393572.77,857960.648
002351.SZ,20230620,21.3,22.75,21.2,22.35,21.55,0.8,3.7123,572261.38,1255137.369
002351.SZ,20230619,20.42,21.8,20.2,21.55,20.56,0.99,4.8152,656726.43,1398761.198
002351.SZ,20230616,19.0,21.2,18.65,20.56,19.38,1.18,6.0888,654153.56,1322942.218
002351.SZ,20230615,19.53,19.89,18.8,19.38,19.53,-0.15,-0.768,422059.15,816135.8
002351.SZ,20230614,19.19,19.86,18.76,19.53,19.1,0.43,2.2513,475753.39,918558.471
002351.SZ,20230613,17.75,19.34,17.69,19.1,17.85,1.25,7.0028,481155.31,907463.419
002351.SZ,20230612,17.92,18.33,17.75,17.85,18.19,-0.34,-1.8692,219580.43,395280.647
002351.SZ,20230609,17.5,18.28,17.5,18.19,17.66,0.53,3.0011,277457.09,500283.759
002351.SZ,20230608,17.5,17.93,17.12,17.66,17.95,-0.29,-1.6156,234490.07,408783.747
002351.SZ,20230607,18.0,18.21,17.55,17.95,17.89,0.06,0.3354,256002.4,458635.114
002351.SZ,20230606,18.68,18.77,17.78,17.89,18.83,-0.94,-4.992,391635.04,711587.779
002351.SZ,20230605,18.3,18.96,18.16,18.83,18.58,0.25,1.3455,311030.67,581323.643
002351.SZ,20230602,18.68,19.0,18.4,18.58,19.06,-0.48,-2.5184,388492.86,723265.316
002351.SZ,20230601,17.72,19.48,17.26,19.06,17.71,1.35,7.6228,679069.08,1278720.779
002351.SZ,20230531,17.75,18.05,17.44,17.71,17.82,-0.11,-0.6173,298703.71,530036.299
002351.SZ,20230530,16.92,17.93,16.46,17.82,17.17,0.65,3.7857,383436.11,668319.448
002351.SZ,20230529,17.3,17.74,16.9,17.17,17.36,-0.19,-1.0945,300478.52,518020.63
002351.SZ,20230526,16.94,17.85,16.81,17.36,17.23,0.13,0.7545,336209.56,584950.881
002351.SZ,20230525,17.66,17.88,16.78,17.23,17.31,-0.08,-0.4622,560916.5,965591.144
002351.SZ,20230524,19.1,19.23,17.31,17.31,19.23,-1.92,-9.9844,865088.85,1560357.939
002351.SZ,20230523,19.82,20.23,19.23,19.23,19.64,-0.41,-2.0876,320986.02,632655.629
002351.SZ,20230522,20.18,20.78,19.1,19.64,20.47,-0.83,-4.0547,380314.3,752197.884
002351.SZ,20230519,20.6,21.15,19.93,20.47,20.43,0.04,0.1958,323445.88,663675.405
002351.SZ,20230518,19.57,20.87,18.85,20.43,19.56,0.87,4.4479,420672.98,850189.638
002351.SZ,20230517,19.45,20.21,18.87,19.56,19.62,-0.06,-0.3058,488712.7,950091.196
002351.SZ,20230516,21.85,22.06,19.62,19.62,21.8,-2.18,-10.0,377165.09,779862.738
002351.SZ,20230515,21.11,21.8,20.09,21.8,20.97,0.83,3.958,294689.47,615000.523
002351.SZ,20230512,21.53,21.77,20.36,21.17,21.78,-0.61,-2.8007,338767.45,711553.481
002351.SZ,20230511,21.55,23.04,21.5,21.78,21.52,0.26,1.2082,473017.23,1051643.113
002351.SZ,20230510,21.08,21.95,20.72,21.52,22.23,-0.71,-3.1939,514486.23,1100871.051
002351.SZ,20230509,22.66,23.79,21.67,22.23,22.7,-0.47,-2.0705,428293.83,963703.601
002351.SZ,20230508,22.4,22.98,21.4,22.7,22.69,0.01,0.0441,460503.26,1022243.443
002351.SZ,20230505,22.0,23.13,21.66,22.69,22.04,0.65,2.9492,521553.44,1178855.064
002351.SZ,20230504,20.88,22.04,20.36,22.04,20.04,2.0,9.98,584065.42,1254539.384
002351.SZ,20230428,18.23,20.04,18.18,20.04,18.22,1.82,9.989,530863.36,1044239.832
002351.SZ,20230427,18.59,19.36,17.8,18.22,18.58,-0.36,-1.9376,352680.41,651232.571
002351.SZ,20230426,19.62,19.69,18.0,18.58,19.82,-1.24,-6.2563,421993.9,797085.467
002351.SZ,20230425,20.0,20.62,18.64,19.82,20.3,-0.48,-2.3645,461379.43,908117.617
002351.SZ,20230424,19.74,20.3,19.5,20.3,19.85,0.45,2.267,410050.31,817886.32
002351.SZ,20230421,20.82,20.9,19.58,19.85,20.41,-0.56,-2.7438,525778.88,1055806.779
002351.SZ,20230420,18.73,20.41,18.55,20.41,18.55,1.86,10.027,716277.58,1398821.712
002351.SZ,20230419,18.4,19.85,18.14,18.55,18.52,0.03,0.162,780923.07,1484132.925
002351.SZ,20230418,17.46,18.68,17.12,18.52,17.69,0.83,4.6919,685648.58,1233449.604
002351.SZ,20230417,17.11,17.98,16.89,17.69,17.34,0.35,2.0185,727503.75,1266889.603
002351.SZ,20230414,16.08,17.78,15.76,17.34,16.78,0.56,3.3373,896155.96,1500254.85
002351.SZ,20230413,15.77,17.47,15.53,16.78,15.88,0.9,5.6675,1118592.87,1894417.132
002351.SZ,20230412,15.8,16.16,15.18,15.88,15.54,0.34,2.1879,537773.41,840797.697
002351.SZ,20230411,14.32,15.95,14.3,15.54,15.32,0.22,1.436,679446.36,1021230.892
002351.SZ,20230410,17.0,17.43,15.32,15.32,17.02,-1.7,-9.9882,780476.08,1271121.577
002351.SZ,20230407,16.16,17.45,15.79,17.02,16.56,0.46,2.7778,855171.14,1427336.768
002351.SZ,20230406,18.1,18.2,16.25,16.56,16.86,-0.3,-1.7794,1006135.82,1722225.054
002351.SZ,20230404,15.0,17.2,14.8,16.86,15.64,1.22,7.8005,976976.83,1572516.684
002351.SZ,20230403,14.18,15.88,13.51,15.64,14.47,1.17,8.0857,836126.29,1211016.235
002351.SZ,20230331,14.11,14.72,13.8,14.47,14.22,0.25,1.7581,472603.73,673761.789
002351.SZ,20230330,14.5,14.65,14.08,14.22,14.51,-0.29,-1.9986,379721.96,544806.498
002351.SZ,20230329,15.33,15.63,14.25,14.51,15.39,-0.88,-5.718,659339.6,980531.705
002351.SZ,20230328,16.2,16.33,15.27,15.39,16.53,-1.14,-6.8966,585465.29,923799.028
002351.SZ,20230327,16.53,16.53,15.44,16.53,15.03,1.5,9.98,968607.43,1571941.688
002351.SZ,20230324,13.88,15.33,13.87,15.03,14.01,1.02,7.2805,590798.68,878221.581
002351.SZ,20230323,13.86,14.53,13.43,14.01,14.22,-0.21,-1.4768,724521.43,1003034.674
002351.SZ,20230322,12.9,14.22,12.82,14.22,12.93,1.29,9.9768,826151.03,1149903.706
002351.SZ,20230321,12.65,13.3,12.55,12.93,12.87,0.06,0.4662,429461.43,555254.706
002351.SZ,20230320,12.21,13.3,12.12,12.87,12.1,0.77,6.3636,830497.91,1052286.502
002351.SZ,20230317,11.11,12.1,11.01,12.1,11.0,1.1,10.0,482373.06,568477.754
002351.SZ,20230316,11.74,11.75,10.94,11.0,11.59,-0.59,-5.0906,338587.94,380867.213
002351.SZ,20230315,11.58,11.86,11.57,11.59,11.76,-0.17,-1.4456,199687.1,232892.19
002351.SZ,20230314,12.05,12.16,11.45,11.76,11.96,-0.2,-1.6722,424283.97,497839.615
002351.SZ,20230313,11.1,12.48,11.05,11.96,11.51,0.45,3.9096,690948.63,800850.201
002351.SZ,20230310,10.64,11.51,10.5,11.51,10.46,1.05,10.0382,750739.99,848550.899
002351.SZ,20230309,10.34,10.64,10.28,10.46,10.33,0.13,1.2585,149888.5,156835.629
002351.SZ,20230308,10.25,10.42,10.06,10.33,10.29,0.04,0.3887,120328.75,123065.297
002351.SZ,20230307,10.05,10.47,10.02,10.29,10.01,0.28,2.7972,214567.45,220881.285
002351.SZ,20230306,10.18,10.22,9.97,10.01,10.18,-0.17,-1.6699,56525.59,56685.912
002351.SZ,20230303,10.2,10.27,10.06,10.18,10.14,0.04,0.3945,50914.0,51703.732
002351.SZ,20230302,10.22,10.29,10.12,10.14,10.29,-0.15,-1.4577,57977.05,59071.582
002351.SZ,20230301,10.1,10.3,10.01,10.29,10.13,0.16,1.5795,96672.72,98384.431
002351.SZ,20230228,9.94,10.14,9.93,10.13,9.94,0.19,1.9115,83212.21,83625.743
002351.SZ,20230227,10.0,10.05,9.88,9.94,10.03,-0.09,-0.8973,65310.62,64964.931
002351.SZ,20230224,10.12,10.14,9.99,10.03,10.11,-0.08,-0.7913,74587.35,74886.614
002351.SZ,20230223,10.27,10.33,10.0,10.11,10.31,-0.2,-1.9399,129743.96,131432.702
002351.SZ,20230222,10.35,10.46,10.28,10.31,10.48,-0.17,-1.6221,97693.88,101006.096
002351.SZ,20230221,10.43,10.71,10.35,10.48,10.5,-0.02,-0.1905,205866.82,216203.803
002351.SZ,20230220,9.83,10.58,9.66,10.5,9.83,0.67,6.8159,365776.86,378823.89
002351.SZ,20230217,9.92,10.06,9.81,9.83,9.99,-0.16,-1.6016,95821.36,94830.067
002351.SZ,20230216,10.0,10.35,9.9,9.99,10.05,-0.06,-0.597,236672.93,240666.213
002351.SZ,20230215,10.0,10.15,9.9,10.05,9.97,0.08,0.8024,93716.76,93887.727
002351.SZ,20230214,10.08,10.15,9.94,9.97,10.08,-0.11,-1.0913,85165.75,85262.941
002351.SZ,20230213,10.01,10.19,9.92,10.08,10.06,0.02,0.1988,128065.63,128512.834
002351.SZ,20230210,10.34,10.34,10.02,10.06,10.2,-0.14,-1.3725,111835.26,113257.941
002351.SZ,20230209,10.03,10.2,9.94,10.2,10.07,0.13,1.291,116939.39,118488.261
002351.SZ,20230208,10.09,10.4,10.05,10.07,10.15,-0.08,-0.7882,124549.9,126928.031
002351.SZ,20230207,10.09,10.23,10.03,10.15,10.14,0.01,0.0986,129159.63,130962.134
002351.SZ,20230206,10.09,10.24,9.98,10.14,10.28,-0.14,-1.3619,181248.78,183029.667
002351.SZ,20230203,9.79,10.62,9.6,10.28,9.78,0.5,5.1125,310344.03,313532.499
002351.SZ,20230202,9.85,9.85,9.72,9.78,9.87,-0.09,-0.9119,113697.51,111239.043
002351.SZ,20230201,9.8,9.96,9.72,9.87,9.82,0.05,0.5092,146291.36,143786.591
002351.SZ,20230131,9.76,9.85,9.65,9.82,9.8,0.02,0.2041,134562.07,131268.004
002351.SZ,20230130,9.56,9.9,9.43,9.8,9.41,0.39,4.1445,250417.32,242685.591
002351.SZ,20230120,9.36,9.43,9.29,9.41,9.34,0.07,0.7495,68194.25,63897.636
002351.SZ,20230119,9.33,9.4,9.19,9.34,9.32,0.02,0.2146,66410.5,61800.872
002351.SZ,20230118,9.39,9.44,9.3,9.32,9.43,-0.11,-1.1665,60777.01,56858.337
002351.SZ,20230117,9.23,9.58,9.23,9.43,9.27,0.16,1.726,107809.2,101461.744
002351.SZ,20230116,9.22,9.36,9.22,9.27,9.28,-0.01,-0.1078,84642.85,78726.034
002351.SZ,20230113,9.42,9.48,9.19,9.28,9.46,-0.18,-1.9027,119392.81,110911.878
002351.SZ,20230112,9.37,9.79,9.32,9.46,9.34,0.12,1.2848,156274.16,148651.221
002351.SZ,20230111,9.52,9.74,9.32,9.34,9.46,-0.12,-1.2685,200341.94,190838.587
002351.SZ,20230110,9.43,9.57,9.31,9.46,9.43,0.03,0.3181,123838.21,116871.932
002351.SZ,20230109,9.31,9.54,9.23,9.43,9.31,0.12,1.2889,177534.85,166377.52
002351.SZ,20230106,9.35,9.45,9.21,9.31,9.49,-0.18,-1.8967,221161.18,206275.834
002351.SZ,20230105,9.0,9.85,8.89,9.49,8.95,0.54,6.0335,361146.67,345723.81
002351.SZ,20230104,9.12,9.24,8.89,8.95,9.1,-0.15,-1.6484,106602.07,96398.685
002351.SZ,20230103,8.95,9.17,8.91,9.1,8.88,0.22,2.4775,93276.03,84458.567
002351.SZ,20221230,8.85,8.93,8.8,8.88,8.92,-0.04,-0.4484,53679.96,47640.291
002351.SZ,20221229,8.79,9.04,8.71,8.92,8.88,0.04,0.4505,75396.47,67041.783
002351.SZ,20221228,9.05,9.1,8.81,8.88,9.16,-0.28,-3.0568,129371.72,114957.235
002351.SZ,20221227,9.3,9.32,9.01,9.16,9.32,-0.16,-1.7167,128451.66,117019.118
002351.SZ,20221226,9.31,9.36,9.04,9.32,9.4,-0.08,-0.8511,138574.99,127760.056
002351.SZ,20221223,9.29,9.5,9.18,9.4,9.26,0.14,1.5119,197870.93,185843.0
002351.SZ,20221222,9.56,9.56,9.22,9.26,9.59,-0.33,-3.4411,208389.34,194762.814
002351.SZ,20221221,9.01,9.77,9.01,9.59,9.13,0.46,5.0383,384613.45,363894.096
002351.SZ,20221220,8.68,9.48,8.63,9.13,8.62,0.51,5.9165,269233.7,246076.238
002351.SZ,20221219,8.94,9.32,8.57,8.62,8.88,-0.26,-2.9279,135075.84,119973.311
002351.SZ,20221216,8.99,9.07,8.82,8.88,9.08,-0.2,-2.2026,95789.14,85189.918
002351.SZ,20221215,9.08,9.25,8.94,9.08,9.13,-0.05,-0.5476,108396.39,98914.771
002351.SZ,20221214,9.17,9.3,9.06,9.13,9.12,0.01,0.1096,131186.44,120131.667
002351.SZ,20221213,9.29,9.38,9.04,9.12,9.33,-0.21,-2.2508,269178.05,247031.288
002351.SZ,20221212,8.73,9.6,8.63,9.33,8.73,0.6,6.8729,340901.12,320146.687
002351.SZ,20221209,8.7,8.82,8.7,8.73,8.69,0.04,0.4603,38155.98,33355.281
002351.SZ,20221208,8.78,8.79,8.66,8.69,8.81,-0.12,-1.3621,38723.98,33707.149
002351.SZ,20221207,8.88,8.88,8.76,8.81,8.88,-0.07,-0.7883,40934.61,36096.956
002351.SZ,20221206,8.89,8.93,8.83,8.88,8.89,-0.01,-0.1125,43128.77,38279.897
002351.SZ,20221205,8.85,8.9,8.79,8.89,8.84,0.05,0.5656,57712.51,51106.429
002351.SZ,20221202,8.85,8.86,8.77,8.84,8.77,0.07,0.7982,50506.73,44592.797
002351.SZ,20221201,8.77,8.87,8.72,8.77,8.72,0.05,0.5734,55943.5,49229.313
002351.SZ,20221130,8.7,8.83,8.6,8.72,8.68,0.04,0.4608,57849.13,50386.669
002351.SZ,20221129,8.49,8.73,8.46,8.68,8.49,0.19,2.2379,52082.0,44933.879
002351.SZ,20221128,8.6,8.6,8.4,8.49,8.61,-0.12,-1.3937,45454.99,38576.042
002351.SZ,20221125,8.67,8.75,8.54,8.61,8.68,-0.07,-0.8065,38539.62,33151.376
002351.SZ,20221124,8.59,8.72,8.55,8.68,8.59,0.09,1.0477,40854.0,35352.951
002351.SZ,20221123,8.7,8.77,8.44,8.59,8.72,-0.13,-1.4908,59583.49,51138.979
002351.SZ,20221122,8.89,8.93,8.66,8.72,8.89,-0.17,-1.9123,69721.34,61263.243
002351.SZ,20221121,8.83,8.92,8.76,8.89,8.9,-0.01,-0.1124,51020.32,45064.773
002351.SZ,20221118,8.97,9.16,8.88,8.9,8.98,-0.08,-0.8909,87128.12,78716.537
002351.SZ,20221117,8.91,8.98,8.83,8.98,8.94,0.04,0.4474,62310.17,55481.648
002351.SZ,20221116,8.93,9.05,8.9,8.94,8.95,-0.01,-0.1117,83843.28,75263.098
002351.SZ,20221115,8.76,8.96,8.7,8.95,8.77,0.18,2.0525,92925.27,82682.645
002351.SZ,20221114,8.82,8.88,8.72,8.77,8.82,-0.05,-0.5669,61964.56,54514.901
002351.SZ,20221111,8.96,9.08,8.81,8.82,8.85,-0.03,-0.339,94439.27,83943.726
002351.SZ,20221110,8.85,8.95,8.8,8.85,8.96,-0.11,-1.2277,89661.29,79369.75
002351.SZ,20221109,9.15,9.24,8.93,8.96,8.94,0.02,0.2237,109413.75,98861.049
002351.SZ,20221108,8.98,9.0,8.81,8.94,9.04,-0.1,-1.1062,100073.73,88929.487
002351.SZ,20221107,8.9,9.11,8.82,9.04,8.85,0.19,2.1469,168708.12,151385.518
002351.SZ,20221104,8.75,8.88,8.71,8.85,8.77,0.08,0.9122,145891.09,128539.203
002351.SZ,20221103,9.0,9.0,8.75,8.77,9.15,-0.38,-4.153,243766.75,215194.925
002351.SZ,20221102,8.67,9.15,8.45,9.15,8.32,0.83,9.976,115217.31,102719.256
002351.SZ,20221101,8.1,8.32,8.06,8.32,8.09,0.23,2.843,66203.52,54469.549
002351.SZ,20221031,7.86,8.18,7.82,8.09,7.89,0.2,2.5349,58873.0,47513.192
002351.SZ,20221028,8.32,8.32,7.84,7.89,8.32,-0.43,-5.1683,93079.47,75068.058
002351.SZ,20221027,8.26,8.41,8.2,8.32,8.27,0.05,0.6046,80400.04,66988.624
002351.SZ,20221026,8.1,8.38,8.1,8.27,7.92,0.35,4.4192,120281.95,99471.187
002351.SZ,20221025,7.99,8.03,7.81,7.92,8.02,-0.1,-1.2469,46024.14,36454.354
002351.SZ,20221024,8.14,8.31,7.97,8.02,8.1,-0.08,-0.9877,61396.93,49974.972
002351.SZ,20221021,8.27,8.3,8.02,8.1,8.17,-0.07,-0.8568,54910.44,44560.129
002351.SZ,20221020,8.03,8.29,7.94,8.17,8.05,0.12,1.4907,76080.67,61998.09
002351.SZ,20221019,8.1,8.18,8.04,8.05,8.15,-0.1,-1.227,44646.34,36159.674
002351.SZ,20221018,8.24,8.26,8.05,8.15,8.2,-0.05,-0.6098,52904.7,43090.322
002351.SZ,20221017,8.09,8.24,8.04,8.2,8.05,0.15,1.8634,62371.43,50965.496
002351.SZ,20221014,7.92,8.12,7.88,8.05,7.88,0.17,2.1574,58717.36,47207.802
002351.SZ,20221013,7.86,7.99,7.81,7.88,7.85,0.03,0.3822,57421.77,45425.696
002351.SZ,20221012,7.63,7.85,7.5,7.85,7.58,0.27,3.562,59880.25,46062.812
002351.SZ,20221011,7.63,7.66,7.47,7.58,7.59,-0.01,-0.1318,33797.95,25564.27
002351.SZ,20221010,7.8,7.84,7.56,7.59,7.8,-0.21,-2.6923,46493.12,35789.383
002351.SZ,20220930,7.99,8.06,7.8,7.8,7.97,-0.17,-2.133,40125.67,31687.871
002351.SZ,20220929,8.15,8.19,7.92,7.97,8.05,-0.08,-0.9938,46219.55,37208.206
002351.SZ,20220928,8.34,8.35,8.04,8.05,8.33,-0.28,-3.3613,48133.87,39250.487
002351.SZ,20220927,8.18,8.34,8.18,8.33,8.17,0.16,1.9584,45844.69,37916.603
002351.SZ,20220926,8.35,8.36,8.15,8.17,8.32,-0.15,-1.8029,50066.82,41319.567
002351.SZ,20220923,8.62,8.67,8.25,8.32,8.62,-0.3,-3.4803,70192.45,59064.458
002351.SZ,20220922,8.7,8.87,8.62,8.62,8.79,-0.17,-1.934,54562.42,47630.898
002351.SZ,20220921,8.79,8.82,8.6,8.79,8.8,-0.01,-0.1136,47540.58,41552.066
002351.SZ,20220920,8.76,8.87,8.72,8.8,8.69,0.11,1.2658,44693.11,39267.894
002351.SZ,20220919,8.83,8.93,8.63,8.69,8.83,-0.14,-1.5855,57736.7,50460.221
002351.SZ,20220916,9.04,9.1,8.82,8.83,9.04,-0.21,-2.323,59640.24,53380.444
002351.SZ,20220915,9.36,9.44,8.88,9.04,9.32,-0.28,-3.0043,106270.33,96418.384
002351.SZ,20220914,9.3,9.4,9.22,9.32,9.47,-0.15,-1.5839,58465.06,54412.196
002351.SZ,20220913,9.4,9.66,9.4,9.47,9.44,0.03,0.3178,74952.9,71284.043
002351.SZ,20220909,9.4,9.5,9.28,9.44,9.4,0.04,0.4255,71667.16,67307.095
002351.SZ,20220908,9.5,9.68,9.39,9.4,9.6,-0.2,-2.0833,97035.36,92047.244
002351.SZ,20220907,9.65,9.76,9.57,9.6,9.7,-0.1,-1.0309,110565.87,106708.683
002351.SZ,20220906,9.8,9.83,9.52,9.7,9.74,-0.04,-0.4107,100612.28,97047.344
002351.SZ,20220905,9.69,9.88,9.51,9.74,9.69,0.05,0.516,111444.07,108382.937
002351.SZ,20220902,9.35,9.75,9.35,9.69,9.32,0.37,3.97,155596.04,149898.599
002351.SZ,20220901,9.52,9.76,9.28,9.32,9.66,-0.34,-3.5197,165268.62,156393.222
002351.SZ,20220831,10.12,10.12,9.61,9.66,10.23,-0.57,-5.5718,205373.01,201825.314
002351.SZ,20220830,10.12,10.37,9.91,10.23,10.02,0.21,2.0958,236899.63,240030.792
002351.SZ,20220829,9.7,10.2,9.68,10.02,9.97,0.05,0.5015,200423.23,201705.728
002351.SZ,20220826,10.31,10.5,9.92,9.97,10.22,-0.25,-2.4462,304898.77,310669.774
002351.SZ,20220825,11.02,11.08,10.08,10.22,11.08,-0.86,-7.7617,474014.01,492913.657
002351.SZ,20220824,11.6,11.99,11.0,11.08,11.77,-0.69,-5.8624,598285.04,682755.569
002351.SZ,20220823,12.45,13.0,11.71,11.77,12.08,-0.31,-2.5662,991193.18,1234679.841
002351.SZ,20220822,10.8,12.08,10.62,12.08,10.98,1.1,10.0182,384153.89,442980.802
002351.SZ,20220819,10.5,11.25,10.5,10.98,10.67,0.31,2.9053,469678.65,513375.986
002351.SZ,20220818,10.58,10.95,10.35,10.67,10.78,-0.11,-1.0204,384295.02,408800.222
002351.SZ,20220817,10.75,11.28,10.6,10.78,11.1,-0.32,-2.8829,517560.04,563316.64
002351.SZ,20220816,10.39,11.45,10.3,11.1,10.74,0.36,3.352,602385.5,652488.38
002351.SZ,20220815,10.05,11.57,10.01,10.74,10.71,0.03,0.2801,687312.7,733382.689
002351.SZ,20220812,10.15,10.71,10.04,10.71,9.74,0.97,9.9589,338844.0,355375.834
002351.SZ,20220811,8.86,9.74,8.86,9.74,8.85,0.89,10.0565,201682.99,193599.569
002351.SZ,20220810,8.86,8.99,8.8,8.85,8.92,-0.07,-0.7848,66571.99,59009.055
002351.SZ,20220809,8.7,9.04,8.62,8.92,8.74,0.18,2.0595,107666.44,95267.323
002351.SZ,20220808,8.84,8.84,8.64,8.74,8.84,-0.1,-1.1312,62764.24,54610.84
002351.SZ,20220805,8.44,8.85,8.41,8.84,8.4,0.44,5.2381,124275.8,108183.745
002351.SZ,20220804,8.39,8.49,8.27,8.4,8.33,0.07,0.8403,38563.63,32299.088
002351.SZ,20220803,8.43,8.62,8.32,8.33,8.39,-0.06,-0.7151,46180.31,39144.426
002351.SZ,20220802,8.59,8.63,8.32,8.39,8.73,-0.34,-3.8946,72714.61,61319.0
002351.SZ,20220801,8.62,8.73,8.5,8.73,8.56,0.17,1.986,57447.02,49853.027
002351.SZ,20220729,8.61,8.74,8.56,8.56,8.61,-0.05,-0.5807,48632.2,42022.327
002351.SZ,20220728,8.51,8.72,8.51,8.61,8.49,0.12,1.4134,58464.73,50493.798
002351.SZ,20220727,8.42,8.5,8.35,8.49,8.43,0.06,0.7117,31578.96,26703.865
002351.SZ,20220726,8.32,8.45,8.26,8.43,8.36,0.07,0.8373,29110.96,24349.468
002351.SZ,20220725,8.46,8.56,8.3,8.36,8.47,-0.11,-1.2987,30783.59,25911.335
002351.SZ,20220722,8.46,8.55,8.37,8.47,8.42,0.05,0.5938,47183.66,39849.599
002351.SZ,20220721,8.34,8.53,8.3,8.42,8.36,0.06,0.7177,51083.09,43232.121
002351.SZ,20220720,8.3,8.38,8.28,8.36,8.3,0.06,0.7229,29729.25,24768.495
002351.SZ,20220719,8.2,8.3,8.2,8.3,8.2,0.1,1.2195,35222.12,29109.033
002351.SZ,20220718,7.94,8.2,7.94,8.2,7.91,0.29,3.6662,40245.96,32700.3
002351.SZ,20220715,8.1,8.11,7.91,7.91,8.11,-0.2,-2.4661,32571.5,26084.531
002351.SZ,20220714,8.11,8.19,8.08,8.11,8.13,-0.02,-0.246,25112.73,20436.66
002351.SZ,20220713,8.07,8.16,8.07,8.13,8.1,0.03,0.3704,21430.6,17405.773
002351.SZ,20220712,8.32,8.34,8.08,8.1,8.28,-0.18,-2.1739,45781.83,37397.715
002351.SZ,20220711,8.55,8.55,8.23,8.28,8.53,-0.25,-2.9308,59266.09,49256.607
002351.SZ,20220708,8.33,8.77,8.3,8.53,8.31,0.22,2.6474,96346.66,82551.373
002351.SZ,20220707,8.37,8.38,8.29,8.31,8.34,-0.03,-0.3597,21564.78,17942.057
002351.SZ,20220706,8.34,8.43,8.28,8.34,8.39,-0.05,-0.5959,23211.22,19340.186
002351.SZ,20220705,8.46,8.49,8.28,8.39,8.47,-0.08,-0.9445,40774.7,34124.428
002351.SZ,20220704,8.52,8.55,8.31,8.47,8.5,-0.03,-0.3529,38151.56,32061.315
002351.SZ,20220701,8.47,8.54,8.44,8.5,8.46,0.04,0.4728,28752.76,24413.427
002351.SZ,20220630,8.5,8.64,8.45,8.46,8.53,-0.07,-0.8206,43564.4,37097.863
002351.SZ,20220629,8.75,8.86,8.5,8.53,8.8,-0.27,-3.0682,77947.09,67564.668
002351.SZ,20220628,8.57,8.92,8.56,8.8,8.48,0.32,3.7736,122316.1,106625.746
002351.SZ,20220627,8.49,8.58,8.42,8.48,8.47,0.01,0.1181,36172.0,30680.875
002351.SZ,20220624,8.53,8.54,8.41,8.47,8.44,0.03,0.3555,38679.7,32846.046
002351.SZ,20220623,8.22,8.45,8.21,8.44,8.2,0.24,2.9268,47435.48,39629.927
002351.SZ,20220622,8.47,8.5,8.2,8.2,8.47,-0.27,-3.1877,55149.99,45841.609
002351.SZ,20220621,8.53,8.59,8.39,8.47,8.52,-0.05,-0.5869,58336.14,49580.871
002351.SZ,20220620,8.48,8.59,8.47,8.52,8.49,0.03,0.3534,45872.31,39064.626
002351.SZ,20220617,8.55,8.63,8.38,8.49,8.6,-0.11,-1.2791,51298.01,43559.449
002351.SZ,20220616,8.45,8.67,8.4,8.6,8.45,0.15,1.7751,68716.03,58923.909
002351.SZ,20220615,8.43,8.6,8.43,8.45,8.43,0.02,0.2372,63559.74,54170.415
002351.SZ,20220614,8.39,8.45,8.18,8.43,8.54,-0.11,-1.2881,52973.5,44061.092
002351.SZ,20220613,8.38,8.59,8.32,8.54,8.38,0.16,1.9093,58531.25,49616.352
002351.SZ,20220610,8.4,8.59,8.34,8.56,8.43,0.13,1.5421,44203.76,37592.008
002351.SZ,20220609,8.63,8.63,8.39,8.43,8.63,-0.2,-2.3175,56278.81,47519.648
002351.SZ,20220608,8.7,8.74,8.44,8.63,8.74,-0.11,-1.2586,74394.21,63859.157
002351.SZ,20220607,8.78,8.81,8.58,8.74,8.81,-0.07,-0.7946,78998.42,68698.681
002351.SZ,20220606,8.76,8.87,8.7,8.81,8.75,0.06,0.6857,87130.56,76579.721
002351.SZ,20220602,8.91,9.02,8.75,8.75,8.95,-0.2,-2.2346,102370.0,90169.554
002351.SZ,20220601,8.97,9.11,8.85,8.95,9.19,-0.24,-2.6115,151998.12,136716.473
002351.SZ,20220531,8.69,9.44,8.53,9.19,8.96,0.23,2.567,270246.03,241592.742
002351.SZ,20220530,9.08,9.62,8.81,8.96,8.79,0.17,1.934,305577.9,280059.701
002351.SZ,20220527,8.12,8.79,8.1,8.79,7.99,0.8,10.0125,89025.17,76988.556
002351.SZ,20220526,7.89,8.1,7.69,7.99,7.86,0.13,1.6539,46385.29,36725.135
002351.SZ,20220525,7.78,7.86,7.71,7.86,7.78,0.08,1.0283,26607.0,20744.38
002351.SZ,20220524,8.13,8.16,7.76,7.78,8.11,-0.33,-4.0691,46282.5,36908.534
002351.SZ,20220523,8.07,8.14,7.95,8.11,8.02,0.09,1.1222,36042.0,28973.224
002351.SZ,20220520,7.86,8.03,7.86,8.02,7.85,0.17,2.1656,35838.43,28514.222
002351.SZ,20220519,7.69,7.87,7.67,7.85,7.92,-0.07,-0.8838,37116.58,28955.974
002351.SZ,20220518,7.81,8.22,7.81,7.92,7.8,0.12,1.5385,73593.61,58808.122
002351.SZ,20220517,7.75,7.81,7.68,7.8,7.78,0.02,0.2571,25310.96,19625.83
002351.SZ,20220516,7.72,7.82,7.72,7.78,7.71,0.07,0.9079,31816.66,24749.399
002351.SZ,20220513,7.63,7.78,7.61,7.71,7.63,0.08,1.0485,28081.59,21594.83
002351.SZ,20220512,7.51,7.65,7.5,7.63,7.56,0.07,0.9259,27864.16,21145.046
002351.SZ,20220511,7.55,7.75,7.54,7.56,7.47,0.09,1.2048,48038.97,36806.503
002351.SZ,20220510,7.34,7.48,7.31,7.47,7.39,0.08,1.0825,24249.0,18028.833
002351.SZ,20220509,7.3,7.48,7.3,7.39,7.36,0.03,0.4076,19577.5,14518.217
002351.SZ,20220506,7.33,7.42,7.17,7.36,7.41,-0.05,-0.6748,26302.0,19296.086
002351.SZ,20220505,7.41,7.48,7.26,7.41,7.35,0.06,0.8163,31536.66,23349.215
002351.SZ,20220429,7.02,7.44,7.01,7.35,6.94,0.41,5.9078,56515.1,41000.963
002351.SZ,20220428,7.12,7.18,6.9,6.94,7.18,-0.24,-3.3426,37625.94,26405.592
002351.SZ,20220427,6.92,7.22,6.81,7.18,7.17,0.01,0.1395,52222.3,36669.583
002351.SZ,20220426,7.22,7.34,6.96,7.17,7.22,-0.05,-0.6925,58256.13,41598.835
002351.SZ,20220425,7.82,7.88,7.19,7.22,7.98,-0.76,-9.5238,66208.28,49715.385
002351.SZ,20220422,8.02,8.09,7.7,7.98,8.05,-0.07,-0.8696,44344.0,35078.201
002351.SZ,20220421,8.24,8.29,8.0,8.05,8.25,-0.2,-2.4242,33905.5,27577.487
002351.SZ,20220420,8.32,8.4,8.23,8.25,8.29,-0.04,-0.4825,28136.0,23413.05
002351.SZ,20220419,8.31,8.38,8.23,8.29,8.31,-0.02,-0.2407,18042.0,14965.918
002351.SZ,20220418,8.14,8.37,8.05,8.31,8.2,0.11,1.3415,27145.0,22420.961
002351.SZ,20220415,8.22,8.24,8.12,8.2,8.29,-0.09,-1.0856,18653.98,15258.095
002351.SZ,20220414,8.25,8.35,8.22,8.29,8.21,0.08,0.9744,18174.01,15067.416
002351.SZ,20220413,8.28,8.38,8.16,8.21,8.3,-0.09,-1.0843,26254.0,21699.709
002351.SZ,20220412,8.06,8.31,8.05,8.3,8.11,0.19,2.3428,30566.15,24996.291
002351.SZ,20220411,8.38,8.47,8.08,8.11,8.47,-0.36,-4.2503,37675.5,30969.35
002351.SZ,20220408,8.63,8.74,8.38,8.47,8.67,-0.2,-2.3068,35299.5,29980.696
002351.SZ,20220407,8.89,8.89,8.66,8.67,8.83,-0.16,-1.812,26484.5,23166.219
002351.SZ,20220406,8.77,8.88,8.74,8.83,8.78,0.05,0.5695,18874.5,16669.921
002351.SZ,20220401,8.79,8.79,8.61,8.78,8.81,-0.03,-0.3405,26483.58,23056.097
002351.SZ,20220331,8.87,8.95,8.79,8.81,8.91,-0.1,-1.1223,26414.0,23406.322
002351.SZ,20220330,8.79,8.91,8.78,8.91,8.77,0.14,1.5964,26946.41,23904.699
002351.SZ,20220329,8.96,8.96,8.74,8.77,8.94,-0.17,-1.9016,29784.0,26326.298
002351.SZ,20220328,8.78,9.06,8.66,8.94,8.85,0.09,1.0169,42695.5,37964.73
002351.SZ,20220325,8.91,9.11,8.85,8.85,8.89,-0.04,-0.4499,40393.5,36322.606
002351.SZ,20220324,9.1,9.1,8.88,8.89,9.12,-0.23,-2.5219,38648.05,34558.763
002351.SZ,20220323,9.09,9.15,8.99,9.12,9.09,0.03,0.33,25762.29,23426.088
002351.SZ,20220322,9.12,9.17,9.0,9.09,9.13,-0.04,-0.4381,29521.71,26782.814
002351.SZ,20220321,9.12,9.2,9.01,9.13,9.1,0.03,0.3297,29465.95,26822.45
002351.SZ,20220318,9.08,9.14,9.0,9.1,9.07,0.03,0.3308,24944.22,22651.442
002351.SZ,20220317,9.08,9.25,9.06,9.07,8.99,0.08,0.8899,48501.0,44323.799
002351.SZ,20220316,8.87,8.99,8.53,8.99,8.73,0.26,2.9782,62269.85,54727.778
002351.SZ,20220315,9.2,9.27,8.69,8.73,9.24,-0.51,-5.5195,67098.06,60304.027
002351.SZ,20220314,9.53,9.61,9.24,9.24,9.59,-0.35,-3.6496,37515.48,35259.581
002351.SZ,20220311,9.45,9.63,9.1,9.59,9.49,0.1,1.0537,51140.03,47961.657
002351.SZ,20220310,9.7,9.85,9.47,9.49,9.58,-0.09,-0.9395,81861.99,78619.727
002351.SZ,20220309,10.1,10.18,9.11,9.58,10.11,-0.53,-5.2423,146802.19,139637.348
002351.SZ,20220308,10.45,10.57,10.0,10.11,10.46,-0.35,-3.3461,43289.53,44254.505
002351.SZ,20220307,10.76,10.76,10.4,10.46,10.77,-0.31,-2.8784,39545.75,41866.238
002351.SZ,20220304,10.85,10.98,10.77,10.77,10.88,-0.11,-1.011,28642.0,31172.321
002351.SZ,20220303,10.94,11.01,10.87,10.88,10.93,-0.05,-0.4575,17310.01,18885.905
002351.SZ,20220302,10.98,10.98,10.91,10.93,11.03,-0.1,-0.9066,18340.86,20048.022
002351.SZ,20220301,11.05,11.07,10.9,11.03,10.99,0.04,0.364,26812.79,29483.316
002351.SZ,20220228,10.95,11.05,10.75,10.99,10.9,0.09,0.8257,29226.64,31978.275
002351.SZ,20220225,10.86,11.11,10.82,10.9,10.78,0.12,1.1132,34090.5,37410.122
002351.SZ,20220224,11.07,11.11,10.66,10.78,11.08,-0.3,-2.7076,61899.62,67116.157
002351.SZ,20220223,10.99,11.09,10.97,11.08,10.96,0.12,1.0949,24843.52,27483.249
002351.SZ,20220222,11.16,11.16,10.93,10.96,11.18,-0.22,-1.9678,33167.0,36470.196
002351.SZ,20220221,11.05,11.19,11.01,11.18,11.1,0.08,0.7207,27410.46,30518.985
002351.SZ,20220218,10.95,11.23,10.93,11.1,11.03,0.07,0.6346,23431.39,25944.06
002351.SZ,20220217,11.15,11.15,11.02,11.03,11.13,-0.1,-0.8985,22321.94,24689.739
002351.SZ,20220216,11.04,11.24,11.04,11.13,11.02,0.11,0.9982,24032.5,26767.501
002351.SZ,20220215,10.97,11.06,10.91,11.02,10.97,0.05,0.4558,18953.0,20848.588
002351.SZ,20220214,10.98,11.1,10.89,10.97,11.01,-0.04,-0.3633,18795.0,20645.359
002351.SZ,20220211,11.22,11.22,11.01,11.01,11.23,-0.22,-1.959,30740.48,34081.327
002351.SZ,20220210,11.36,11.54,11.18,11.23,11.35,-0.12,-1.0573,26702.0,30059.51
002351.SZ,20220209,11.36,11.43,11.26,11.35,11.35,0.0,0.0,25648.2,29066.883
002351.SZ,20220208,11.3,11.37,11.15,11.35,11.3,0.05,0.4425,27894.38,31421.096
002351.SZ,20220207,10.91,11.62,10.9,11.3,10.76,0.54,5.0186,68215.32,77019.863
002351.SZ,20220128,10.74,10.92,10.54,10.76,10.7,0.06,0.5607,33835.17,36423.741
002351.SZ,20220127,11.25,11.25,10.67,10.7,11.18,-0.48,-4.2934,49190.21,53723.902
002351.SZ,20220126,11.21,11.32,11.11,11.18,11.17,0.01,0.0895,27712.01,31077.807
002351.SZ,20220125,11.52,11.58,11.16,11.17,11.59,-0.42,-3.6238,46431.0,52539.774
002351.SZ,20220124,11.51,11.66,11.47,11.59,11.56,0.03,0.2595,23926.12,27697.901
002351.SZ,20220121,11.7,11.79,11.51,11.56,11.74,-0.18,-1.5332,44676.48,51845.141
002351.SZ,20220120,12.15,12.16,11.73,11.74,12.19,-0.45,-3.6916,77903.55,92570.214
002351.SZ,20220119,12.06,12.19,11.98,12.19,12.11,0.08,0.6606,53641.17,64890.627
002351.SZ,20220118,12.41,12.44,12.1,12.11,12.36,-0.25,-2.0227,77576.63,94756.647
002351.SZ,20220117,12.18,12.4,12.15,12.36,12.23,0.13,1.063,97392.22,119792.453
002351.SZ,20220114,12.18,12.3,12.03,12.23,12.31,-0.08,-0.6499,126394.41,153575.913
002351.SZ,20220113,12.05,12.83,11.93,12.31,11.95,0.36,3.0126,198524.2,245965.766
002351.SZ,20220112,11.91,11.98,11.88,11.95,11.87,0.08,0.674,29794.0,35545.373
002351.SZ,20220111,11.94,12.06,11.87,11.87,12.0,-0.13,-1.0833,42138.3,50371.077
002351.SZ,20220110,11.87,12.03,11.71,12.0,11.87,0.13,1.0952,49131.79,58552.756
002351.SZ,20220107,12.09,12.14,11.86,11.87,12.08,-0.21,-1.7384,53941.93,64647.187
002351.SZ,20220106,11.83,12.1,11.77,12.08,11.9,0.18,1.5126,79922.52,96046.492
002351.SZ,20220105,11.99,12.05,11.82,11.9,12.01,-0.11,-0.9159,49069.18,58390.725
002351.SZ,20220104,11.73,12.06,11.73,12.01,11.72,0.29,2.4744,62373.86,74213.75
002351.SZ,20211231,11.7,11.75,11.65,11.72,11.68,0.04,0.3425,27845.85,32571.988
002351.SZ,20211230,11.7,11.84,11.67,11.68,11.7,-0.02,-0.1709,42910.55,50437.999
002351.SZ,20211229,11.87,11.88,11.68,11.7,11.84,-0.14,-1.1824,32914.5,38608.885
002351.SZ,20211228,11.85,11.9,11.79,11.84,11.82,0.02,0.1692,25189.0,29779.492
002351.SZ,20211227,11.78,11.96,11.7,11.82,11.78,0.04,0.3396,32442.62,38362.093
002351.SZ,20211224,12.02,12.02,11.76,11.78,11.97,-0.19,-1.5873,35787.5,42496.042
002351.SZ,20211223,12.07,12.09,11.77,11.97,12.08,-0.11,-0.9106,62643.0,74609.041
002351.SZ,20211222,11.86,12.1,11.73,12.08,11.77,0.31,2.6338,76172.81,91336.106
002351.SZ,20211221,11.6,11.81,11.55,11.77,11.62,0.15,1.2909,31440.13,36917.19
002351.SZ,20211220,11.84,11.86,11.6,11.62,11.85,-0.23,-1.9409,47438.7,55471.184
002351.SZ,20211217,12.1,12.1,11.84,11.85,12.1,-0.25,-2.0661,58410.52,69583.341
002351.SZ,20211216,12.02,12.18,12.0,12.1,12.0,0.1,0.8333,48253.68,58387.223
002351.SZ,20211215,12.24,12.26,11.98,12.0,12.19,-0.19,-1.5587,70410.2,85142.532
002351.SZ,20211214,12.15,12.32,12.06,12.19,12.24,-0.05,-0.4085,87415.23,106445.471
002351.SZ,20211213,11.85,12.47,11.69,12.24,11.82,0.42,3.5533,104648.55,126337.997
002351.SZ,20211210,11.71,12.07,11.7,11.82,11.77,0.05,0.4248,59443.23,70639.328
002351.SZ,20211209,11.81,11.81,11.71,11.77,11.77,0.0,0.0,43549.39,51248.584
002351.SZ,20211208,11.49,11.77,11.49,11.77,11.48,0.29,2.5261,44654.61,52094.824
002351.SZ,20211207,11.62,11.74,11.45,11.48,11.57,-0.09,-0.7779,38952.89,44995.389
002351.SZ,20211206,11.77,11.78,11.55,11.57,11.78,-0.21,-1.7827,44483.59,51689.747
002351.SZ,20211203,11.77,11.89,11.72,11.78,11.75,0.03,0.2553,28845.7,33997.724
002351.SZ,20211202,11.93,11.94,11.74,11.75,11.93,-0.18,-1.5088,38592.03,45582.909
002351.SZ,20211201,11.96,11.96,11.82,11.93,11.88,0.05,0.4209,33853.61,40239.851
002351.SZ,20211130,11.77,11.97,11.77,11.88,11.74,0.14,1.1925,39749.36,47212.051
002351.SZ,20211129,11.73,11.85,11.7,11.74,11.98,-0.24,-2.0033,47240.69,55581.135
002351.SZ,20211126,12.05,12.11,11.78,11.98,12.12,-0.14,-1.1551,66482.63,79380.916
002351.SZ,20211125,12.18,12.24,12.1,12.12,12.24,-0.12,-0.9804,43114.17,52410.078
002351.SZ,20211124,12.21,12.36,12.12,12.24,12.2,0.04,0.3279,50600.55,61863.809
002351.SZ,20211123,12.36,12.36,12.18,12.2,12.36,-0.16,-1.2945,54346.34,66463.327
002351.SZ,20211122,12.18,12.48,12.16,12.36,12.33,0.03,0.2433,71756.94,88508.961
002351.SZ,20211119,12.07,12.55,12.05,12.33,12.12,0.21,1.7327,87216.97,107970.433
002351.SZ,20211118,12.44,12.54,12.11,12.12,12.44,-0.32,-2.5723,88874.02,109004.556
002351.SZ,20211117,12.37,12.46,12.28,12.44,12.43,0.01,0.0805,65069.11,80468.062
002351.SZ,20211116,12.66,12.66,12.33,12.43,12.69,-0.26,-2.0489,104228.02,129822.556
002351.SZ,20211115,12.29,12.74,12.12,12.69,12.14,0.55,4.5305,192134.3,239943.474
002351.SZ,20211112,12.1,12.23,11.99,12.14,12.14,0.0,0.0,72208.85,87693.885
002351.SZ,20211111,12.07,12.19,11.96,12.14,12.06,0.08,0.6633,72845.72,88097.52
002351.SZ,20211110,12.15,12.22,11.91,12.06,12.12,-0.06,-0.495,76542.65,92288.808
002351.SZ,20211109,12.07,12.27,12.01,12.12,12.1,0.02,0.1653,91567.07,110958.184
002351.SZ,20211108,12.36,12.45,12.01,12.1,12.36,-0.26,-2.1036,223729.31,272667.451
002351.SZ,20211105,11.29,12.36,11.27,12.36,11.24,1.12,9.9644,181804.19,221315.328
002351.SZ,20211104,11.11,11.33,11.11,11.24,11.15,0.09,0.8072,39300.19,44098.607
002351.SZ,20211103,11.1,11.24,11.09,11.15,11.14,0.01,0.0898,31851.9,35483.183
002351.SZ,20211102,11.37,11.47,11.07,11.14,11.35,-0.21,-1.8502,50838.33,57135.717
002351.SZ,20211101,11.3,11.58,11.3,11.35,11.3,0.05,0.4425,51842.33,59189.805
002351.SZ,20211029,11.15,11.42,11.15,11.3,11.5,-0.2,-1.7391,55755.06,62794.219
002351.SZ,20211028,11.55,11.62,11.43,11.5,11.65,-0.15,-1.2876,36911.8,42457.668
002351.SZ,20211027,12.05,12.06,11.62,11.65,12.09,-0.44,-3.6394,66341.9,77823.239
002351.SZ,20211026,11.7,12.18,11.64,12.09,11.64,0.45,3.866,93556.57,112147.637
002351.SZ,20211025,11.63,11.74,11.48,11.64,11.6,0.04,0.3448,38182.46,44439.087
002351.SZ,20211022,11.59,11.74,11.55,11.6,11.55,0.05,0.4329,29547.29,34438.706
002351.SZ,20211021,11.69,11.75,11.53,11.55,11.67,-0.12,-1.0283,28846.17,33420.816
002351.SZ,20211020,11.8,11.87,11.65,11.67,11.87,-0.2,-1.6849,32740.66,38396.239
002351.SZ,20211019,11.9,11.94,11.81,11.87,11.89,-0.02,-0.1682,22058.5,26191.019
002351.SZ,20211018,11.92,12.02,11.72,11.89,11.9,-0.01,-0.084,34167.01,40382.51
002351.SZ,20211015,11.98,12.05,11.86,11.9,11.98,-0.08,-0.6678,22010.89,26198.37
002351.SZ,20211014,11.98,12.05,11.88,11.98,11.97,0.01,0.0835,17982.24,21467.267
002351.SZ,20211013,11.93,11.99,11.8,11.97,11.94,0.03,0.2513,24969.95,29676.864
002351.SZ,20211012,12.19,12.2,11.83,11.94,12.23,-0.29,-2.3712,45652.49,54509.824
002351.SZ,20211011,11.94,12.33,11.81,12.23,11.88,0.35,2.9461,69084.93,84043.042
002351.SZ,20211008,11.51,12.0,11.51,11.88,11.49,0.39,3.3943,45421.43,53738.522
002351.SZ,20210930,11.46,11.55,11.44,11.49,11.4,0.09,0.7895,22538.84,25921.345
002351.SZ,20210929,11.74,11.77,11.4,11.4,11.82,-0.42,-3.5533,52315.9,60096.87
002351.SZ,20210928,11.94,11.95,11.75,11.82,11.94,-0.12,-1.005,32437.74,38365.069
002351.SZ,20210927,12.3,12.31,11.9,11.94,12.3,-0.36,-2.9268,61262.87,73445.206
002351.SZ,20210924,12.34,12.4,12.22,12.3,12.32,-0.02,-0.1623,30430.26,37414.274
002351.SZ,20210923,12.21,12.33,12.21,12.32,12.2,0.12,0.9836,31834.86,39113.744
002351.SZ,20210922,12.2,12.34,12.15,12.2,12.26,-0.06,-0.4894,30522.35,37281.638
002351.SZ,20210917,12.33,12.4,12.15,12.26,12.38,-0.12,-0.9693,42733.47,52283.671
002351.SZ,20210916,12.57,12.58,12.36,12.38,12.53,-0.15,-1.1971,47480.29,59153.084
002351.SZ,20210915,12.39,12.61,12.3,12.53,12.38,0.15,1.2116,47866.5,59797.942
002351.SZ,20210914,12.61,12.66,12.33,12.38,12.62,-0.24,-1.9017,59127.85,73692.232
002351.SZ,20210913,12.6,12.69,12.54,12.62,12.72,-0.1,-0.7862,45270.97,57108.735
002351.SZ,20210910,12.76,12.77,12.61,12.72,12.75,-0.03,-0.2353,53513.03,67921.101
002351.SZ,20210909,12.78,12.88,12.7,12.75,12.78,-0.03,-0.2347,48592.6,62108.174
002351.SZ,20210908,12.67,12.78,12.61,12.78,12.7,0.08,0.6299,63332.64,80392.174
002351.SZ,20210907,12.88,12.88,12.61,12.7,12.69,0.01,0.0788,52931.41,67218.476
002351.SZ,20210906,12.44,12.7,12.36,12.69,12.44,0.25,2.0096,69894.32,88089.262
002351.SZ,20210903,12.45,12.55,12.35,12.44,12.42,0.02,0.161,50367.76,62766.513
002351.SZ,20210902,12.35,12.45,12.23,12.42,12.37,0.05,0.4042,45499.75,56291.736
002351.SZ,20210901,12.65,12.69,12.14,12.37,12.71,-0.34,-2.6751,109718.79,135447.878
002351.SZ,20210831,12.78,12.86,12.61,12.71,12.87,-0.16,-1.2432,52670.17,66915.76
002351.SZ,20210830,13.0,13.04,12.86,12.87,12.94,-0.07,-0.541,53438.35,69174.38
002351.SZ,20210827,12.75,13.05,12.66,12.94,12.8,0.14,1.0938,65353.3,83882.232
002351.SZ,20210826,13.03,13.03,12.8,12.8,13.05,-0.25,-1.9157,71400.35,91667.51
002351.SZ,20210825,13.02,13.09,13.0,13.05,13.02,0.03,0.2304,45885.13,59777.104
002351.SZ,20210824,13.15,13.15,12.97,13.02,13.14,-0.12,-0.9132,59418.89,77376.837
002351.SZ,20210823,13.13,13.17,13.01,13.14,13.1,0.04,0.3053,77256.23,101077.49
002351.SZ,20210820,13.0,13.18,12.88,13.1,13.05,0.05,0.3831,59211.1,77328.718
002351.SZ,20210819,13.17,13.36,13.0,13.05,13.25,-0.2,-1.5094,77470.59,101524.317
002351.SZ,20210818,13.78,13.78,13.18,13.25,13.78,-0.53,-3.8462,122532.05,163808.367
002351.SZ,20210817,14.37,14.43,13.65,13.78,14.36,-0.58,-4.039,146716.97,204244.627
002351.SZ,20210816,13.81,14.36,13.75,14.36,13.87,0.49,3.5328,202170.93,286977.534
002351.SZ,20210813,13.7,14.14,13.55,13.87,13.57,0.3,2.2108,129278.19,179264.058
002351.SZ,20210812,13.32,13.82,13.25,13.57,13.34,0.23,1.7241,86935.86,118502.392
002351.SZ,20210811,13.46,13.46,13.18,13.34,13.32,0.02,0.1502,68787.56,91694.838
002351.SZ,20210810,13.14,13.35,13.03,13.32,13.09,0.23,1.7571,70346.82,93205.632
002351.SZ,20210809,12.8,13.15,12.76,13.09,12.8,0.29,2.2656,60614.1,78850.192
002351.SZ,20210806,12.82,12.87,12.63,12.8,12.89,-0.09,-0.6982,55764.17,70863.641
002351.SZ,20210805,13.15,13.15,12.86,12.89,13.05,-0.16,-1.2261,56203.76,72801.404
002351.SZ,20210804,12.91,13.13,12.91,13.05,13.0,0.05,0.3846,48021.26,62619.748
002351.SZ,20210803,13.15,13.16,12.9,13.0,13.09,-0.09,-0.6875,61727.57,80659.211
002351.SZ,20210802,12.81,13.09,12.67,13.09,12.81,0.28,2.1858,71488.17,92503.875
002351.SZ,20210730,13.0,13.08,12.7,12.81,12.96,-0.15,-1.1574,54393.35,69718.319
002351.SZ,20210729,13.06,13.13,12.92,12.96,12.91,0.05,0.3873,50388.36,65567.805
002351.SZ,20210728,13.4,13.42,12.6,12.91,13.4,-0.49,-3.6567,71691.13,92702.501
002351.SZ,20210727,13.23,13.57,13.23,13.4,13.32,0.08,0.6006,66426.86,89324.56
002351.SZ,20210726,13.5,13.54,13.19,13.32,13.45,-0.13,-0.9665,61361.65,81905.659
002351.SZ,20210723,13.82,13.92,13.42,13.45,13.87,-0.42,-3.0281,86900.21,117837.315
002351.SZ,20210722,13.93,14.07,13.82,13.87,13.93,-0.06,-0.4307,63814.0,88835.33
002351.SZ,20210721,13.98,14.1,13.88,13.93,13.98,-0.05,-0.3577,52602.51,73481.924
002351.SZ,20210720,13.92,14.1,13.81,13.98,14.08,-0.1,-0.7102,57514.62,80218.51
002351.SZ,20210719,13.78,14.17,13.52,14.08,13.77,0.31,2.2513,102428.43,142101.43
002351.SZ,20210716,13.91,13.97,13.6,13.77,13.94,-0.17,-1.2195,78411.0,107955.549
002351.SZ,20210715,14.12,14.3,13.83,13.94,14.01,-0.07,-0.4996,73469.11,102925.492
002351.SZ,20210714,14.0,14.16,13.91,14.01,14.0,0.01,0.0714,67498.41,94907.99
002351.SZ,20210713,14.11,14.2,13.84,14.0,14.17,-0.17,-1.1997,72019.97,100611.347
002351.SZ,20210712,14.29,14.3,14.06,14.17,14.2,-0.03,-0.2113,91707.4,129579.57
002351.SZ,20210709,13.95,14.5,13.74,14.2,14.22,-0.02,-0.1406,131644.93,186843.956
002351.SZ,20210708,14.33,14.82,14.18,14.22,13.47,0.75,5.5679,221121.07,320073.106
002351.SZ,20210707,13.38,13.51,13.27,13.47,13.45,0.02,0.1487,46792.62,62876.335
002351.SZ,20210706,13.33,13.58,13.2,13.45,13.33,0.12,0.9002,50348.47,67476.591
002351.SZ,20210705,13.24,13.46,13.21,13.33,13.29,0.04,0.301,48203.99,64163.191
002351.SZ,20210702,13.41,13.43,13.25,13.29,13.38,-0.09,-0.6726,43082.85,57317.122
002351.SZ,20210701,13.54,13.67,13.36,13.38,13.54,-0.16,-1.1817,57513.2,77381.173
002351.SZ,20210630,13.69,13.78,13.33,13.54,13.67,-0.13,-0.951,66511.99,89995.811
002351.SZ,20210629,13.95,14.0,13.62,13.67,13.95,-0.28,-2.0072,60413.12,82876.937
002351.SZ,20210628,13.85,14.1,13.85,13.95,13.83,0.12,0.8677,70113.92,98091.801
002351.SZ,20210625,13.88,13.93,13.71,13.83,13.89,-0.06,-0.432,53701.12,74142.082
002351.SZ,20210624,14.23,14.23,13.76,13.89,14.12,-0.23,-1.6289,82227.74,114242.277
002351.SZ,20210623,13.75,14.18,13.6,14.12,13.8,0.32,2.3188,89531.6,125261.823
002351.SZ,20210622,13.87,13.98,13.67,13.8,13.87,-0.07,-0.5047,53874.5,74180.559
002351.SZ,20210621,14.0,14.0,13.68,13.87,13.95,-0.08,-0.5735,60037.25,83326.65
002351.SZ,20210618,13.66,14.09,13.53,13.95,13.6,0.35,2.5735,114644.55,159905.785
002351.SZ,20210617,13.18,13.63,13.17,13.6,13.22,0.38,2.8744,89431.62,120427.505
002351.SZ,20210616,13.62,13.62,13.17,13.22,13.62,-0.4,-2.9369,110583.48,147358.139
002351.SZ,20210615,13.95,14.03,13.57,13.62,13.93,-0.31,-2.2254,93613.91,128005.562
002351.SZ,20210611,14.31,14.31,13.92,13.93,14.15,-0.22,-1.5548,98277.44,138007.036
002351.SZ,20210610,14.3,14.39,13.96,14.35,14.42,-0.07,-0.4854,112381.06,159663.298
002351.SZ,20210609,15.12,15.23,14.03,14.42,15.2,-0.78,-5.1316,219733.85,320504.199
002351.SZ,20210608,15.24,15.33,15.1,15.2,15.24,-0.04,-0.2625,43955.87,66811.291
002351.SZ,20210607,15.09,15.29,15.09,15.24,15.09,0.15,0.994,47470.92,72134.176
002351.SZ,20210604,15.08,15.18,14.98,15.09,15.08,0.01,0.0663,62320.1,93972.81
002351.SZ,20210603,15.36,15.42,15.06,15.08,15.31,-0.23,-1.5023,101408.83,154399.649
002351.SZ,20210602,15.8,15.85,15.3,15.31,15.81,-0.5,-3.1626,108199.57,167276.406
002351.SZ,20210601,15.73,15.88,15.57,15.81,15.75,0.06,0.381,78710.8,124171.023
002351.SZ,20210531,15.64,15.97,15.3,15.75,15.61,0.14,0.8969,131318.15,205534.21
002351.SZ,20210528,15.8,16.12,15.47,15.61,15.8,-0.19,-1.2025,134269.94,210964.421
002351.SZ,20210527,15.71,16.04,15.63,15.8,15.71,0.09,0.5729,103322.86,164106.862
002351.SZ,20210526,16.12,16.12,15.66,15.71,16.01,-0.3,-1.8738,119913.63,189655.664
002351.SZ,20210525,15.71,16.09,15.44,16.01,15.5,0.51,3.2903,215839.83,342859.954
002351.SZ,20210524,14.83,15.79,14.83,15.5,14.8,0.7,4.7297,205178.8,316135.723
002351.SZ,20210521,14.86,15.21,14.79,14.8,14.75,0.05,0.339,101074.06,151109.828
002351.SZ,20210520,14.98,15.11,14.7,14.75,15.08,-0.33,-2.1883,119536.51,177579.265
002351.SZ,20210519,15.47,15.65,15.06,15.08,15.46,-0.38,-2.458,141343.62,215993.102
002351.SZ,20210518,16.0,16.07,15.26,15.46,16.0,-0.54,-3.375,150156.65,233460.649
002351.SZ,20210517,15.96,16.18,15.84,16.0,15.96,0.04,0.2506,90605.7,144975.274
002351.SZ,20210514,16.6,16.63,15.88,15.96,16.53,-0.57,-3.4483,158475.21,256441.41
002351.SZ,20210513,16.38,16.64,16.31,16.53,16.51,0.02,0.1211,84640.8,139414.234
002351.SZ,20210512,17.05,17.12,16.28,16.51,17.03,-0.52,-3.0534,160749.78,266148.511
002351.SZ,20210511,16.92,17.29,16.8,17.03,16.92,0.11,0.6501,156243.36,266381.604
002351.SZ,20210510,16.59,17.28,16.21,16.92,16.59,0.33,1.9892,197729.32,333136.835
002351.SZ,20210507,16.63,16.86,16.45,16.59,16.63,-0.04,-0.2405,165123.5,275390.574
002351.SZ,20210506,15.91,16.77,15.91,16.63,15.82,0.81,5.1201,242361.72,400337.706
002351.SZ,20210430,15.28,16.0,15.18,15.82,15.35,0.47,3.0619,150360.06,235427.871
002351.SZ,20210429,15.56,15.79,15.32,15.35,15.55,-0.2,-1.2862,100044.17,155108.941
002351.SZ,20210428,15.88,16.07,15.51,15.55,15.28,0.27,1.767,173984.97,275057.244
002351.SZ,20210427,15.12,15.32,14.77,15.28,15.12,0.16,1.0582,77615.72,116865.125
002351.SZ,20210426,15.36,15.45,15.08,15.12,15.26,-0.14,-0.9174,66743.34,101732.193
002351.SZ,20210423,15.4,15.51,15.17,15.26,15.51,-0.25,-1.6119,73760.9,112907.857
002351.SZ,20210422,14.99,15.66,14.95,15.51,14.95,0.56,3.7458,149047.93,229990.371
002351.SZ,20210421,15.16,15.19,14.88,14.95,15.15,-0.2,-1.3201,42390.72,63423.892
002351.SZ,20210420,15.25,15.31,15.08,15.15,15.27,-0.12,-0.7859,52612.39,79750.235
002351.SZ,20210419,14.76,15.46,14.76,15.27,14.75,0.52,3.5254,120251.53,183566.87
002351.SZ,20210416,14.65,14.86,14.56,14.75,14.64,0.11,0.7514,43114.53,63504.661
002351.SZ,20210415,15.15,15.15,14.58,14.64,15.06,-0.42,-2.7888,65092.73,95773.46
002351.SZ,20210414,15.01,15.15,14.83,15.06,15.06,0.0,0.0,56283.8,84251.996
002351.SZ,20210413,14.78,15.46,14.78,15.06,14.8,0.26,1.7568,96548.98,147018.459
002351.SZ,20210412,15.01,15.19,14.69,14.8,15.01,-0.21,-1.3991,65785.27,98321.407
002351.SZ,20210409,15.14,15.41,14.95,15.01,15.1,-0.09,-0.596,71416.32,108034.441
002351.SZ,20210408,15.55,15.68,15.06,15.1,15.61,-0.51,-3.2671,99447.64,152051.36
002351.SZ,20210407,15.49,15.82,15.34,15.61,15.56,0.05,0.3213,166411.78,259245.905
002351.SZ,20210406,14.29,15.68,14.29,15.56,14.29,1.27,8.8873,230916.56,350789.054
002351.SZ,20210402,14.23,14.32,14.2,14.29,14.26,0.03,0.2104,39848.29,56832.527
002351.SZ,20210401,14.24,14.39,14.17,14.26,14.2,0.06,0.4225,40192.01,57408.53
002351.SZ,20210331,14.22,14.29,14.08,14.2,14.27,-0.07,-0.4905,36781.72,52105.737
002351.SZ,20210330,14.41,14.48,14.21,14.27,14.39,-0.12,-0.8339,55793.91,79894.083
002351.SZ,20210329,14.32,14.5,14.31,14.39,14.3,0.09,0.6294,71193.37,102478.01
002351.SZ,20210326,14.0,14.37,14.0,14.3,14.0,0.3,2.1429,80267.29,114323.806
002351.SZ,20210325,13.78,14.0,13.78,14.0,13.87,0.13,0.9373,46801.3,65042.141
002351.SZ,20210324,14.26,14.29,13.84,13.87,14.24,-0.37,-2.5983,70388.05,98565.637
002351.SZ,20210323,14.12,14.49,13.88,14.24,14.19,0.05,0.3524,99881.51,141606.669
002351.SZ,20210322,14.12,14.38,14.11,14.19,14.2,-0.01,-0.0704,52677.11,74868.694
002351.SZ,20210319,14.28,14.38,14.05,14.2,14.36,-0.16,-1.1142,69676.62,98835.903
002351.SZ,20210318,14.4,14.54,14.24,14.36,14.43,-0.07,-0.4851,78918.66,113231.546
002351.SZ,20210317,14.18,14.66,14.04,14.43,14.18,0.25,1.763,126509.03,181187.291
002351.SZ,20210316,14.98,15.26,14.0,14.18,15.06,-0.88,-5.8433,208293.25,302265.179
002351.SZ,20210315,14.99,15.19,14.7,15.06,14.97,0.09,0.6012,101490.18,152241.594
002351.SZ,20210312,15.03,15.25,14.82,14.97,15.04,-0.07,-0.4654,113820.88,170596.896
002351.SZ,20210311,14.62,15.29,14.6,15.04,14.74,0.3,2.0353,140794.0,211392.831
002351.SZ,20210310,15.3,15.43,14.64,14.74,15.13,-0.39,-2.5777,155530.53,232153.385
002351.SZ,20210309,15.55,15.74,14.68,15.13,15.38,-0.25,-1.6255,181307.63,276734.653
002351.SZ,20210308,15.57,16.2,15.3,15.38,15.4,-0.02,-0.1299,174565.04,273779.251
002351.SZ,20210305,15.05,15.79,14.81,15.4,15.28,0.12,0.7853,164758.49,253843.705
002351.SZ,20210304,15.83,16.09,15.18,15.28,16.0,-0.72,-4.5,226541.63,351317.421
002351.SZ,20210303,15.4,16.35,15.27,16.0,15.58,0.42,2.6958,307352.83,489734.062
002351.SZ,20210302,15.32,15.84,15.16,15.58,15.46,0.12,0.7762,224400.03,347806.356
002351.SZ,20210301,15.2,15.95,15.11,15.46,15.45,0.01,0.0647,247979.95,388418.012
002351.SZ,20210226,15.5,15.85,14.8,15.45,15.93,-0.48,-3.0132,257322.65,395952.919
002351.SZ,20210225,15.8,16.09,15.25,15.93,15.9,0.03,0.1887,335681.12,525730.925
002351.SZ,20210224,14.88,16.19,14.88,15.9,15.19,0.71,4.6741,525037.04,823503.169
002351.SZ,20210223,14.21,15.68,14.04,15.19,14.33,0.86,6.0014,450690.79,662226.617
002351.SZ,20210222,14.66,15.37,14.06,14.33,14.41,-0.08,-0.5552,483954.65,708703.407
002351.SZ,20210219,13.39,14.41,13.27,14.41,13.1,1.31,10.0,495493.15,692870.097
002351.SZ,20210218,12.66,13.27,12.5,13.1,12.66,0.44,3.4755,389518.13,504957.268
002351.SZ,20210210,11.48,12.66,11.39,12.66,11.51,1.15,9.9913,385858.43,478772.871
002351.SZ,20210209,11.3,11.66,11.27,11.51,11.35,0.16,1.4097,88405.44,101730.271
002351.SZ,20210208,11.54,11.62,11.25,11.35,11.62,-0.27,-2.3236,106865.1,122097.125
002351.SZ,20210205,11.38,12.19,11.01,11.62,11.33,0.29,2.5596,187162.08,215811.528
002351.SZ,20210204,11.61,11.89,11.22,11.33,11.7,-0.37,-3.1624,128672.5,147571.318
002351.SZ,20210203,12.01,12.28,11.6,11.7,12.1,-0.4,-3.3058,169519.99,200870.063
002351.SZ,20210202,12.29,12.39,11.8,12.1,12.29,-0.19,-1.546,205720.03,247601.182
002351.SZ,20210201,12.57,12.86,12.13,12.29,12.57,-0.28,-2.2275,356434.76,445008.413
002351.SZ,20210129,11.53,12.57,11.5,12.57,11.43,1.14,9.9738,409331.26,504775.439
002351.SZ,20210128,11.4,11.72,11.38,11.43,11.55,-0.12,-1.039,95535.99,109985.468
002351.SZ,20210127,11.27,11.95,11.21,11.55,11.38,0.17,1.4938,136221.03,158633.814
002351.SZ,20210126,12.19,12.19,11.3,11.38,12.19,-0.81,-6.6448,191527.73,222400.837
002351.SZ,20210125,12.8,12.8,12.16,12.19,12.88,-0.69,-5.3571,169441.09,208401.867
002351.SZ,20210122,13.18,13.28,12.85,12.88,13.25,-0.37,-2.7925,136988.26,177592.961
002351.SZ,20210121,13.24,13.37,13.12,13.25,13.25,0.0,0.0,93064.01,123232.462
002351.SZ,20210120,13.5,13.5,13.2,13.25,13.51,-0.26,-1.9245,100362.84,133511.946
002351.SZ,20210119,13.84,13.85,13.5,13.51,13.8,-0.29,-2.1014,100030.1,136309.745
002351.SZ,20210118,13.8,13.92,13.6,13.8,13.8,0.0,0.0,117889.79,162078.632
002351.SZ,20210115,13.45,13.86,13.3,13.8,13.42,0.38,2.8316,161683.41,219767.291
002351.SZ,20210114,13.11,13.57,13.0,13.42,13.11,0.31,2.3646,125420.46,167238.159
002351.SZ,20210113,13.27,13.44,13.08,13.11,13.26,-0.15,-1.1312,81826.88,108049.554
002351.SZ,20210112,13.11,13.29,12.88,13.26,13.12,0.14,1.0671,72423.22,95262.755
002351.SZ,20210111,13.27,13.62,13.06,13.12,13.23,-0.11,-0.8314,96635.07,129005.59
002351.SZ,20210108,13.12,13.31,12.9,13.23,13.12,0.11,0.8384,74216.04,97755.097
002351.SZ,20210107,13.5,13.59,13.0,13.12,13.6,-0.48,-3.5294,104211.24,137732.147
002351.SZ,20210106,13.92,13.96,13.56,13.6,13.92,-0.32,-2.2989,90318.06,123345.525
002351.SZ,20210105,13.45,14.15,13.38,13.92,13.52,0.4,2.9586,152284.92,211633.451
002351.SZ,20210104,13.45,13.55,13.33,13.52,13.42,0.1,0.7452,83504.3,112328.876
002351.SZ,20201231,13.26,13.57,13.26,13.42,13.24,0.18,1.3595,82208.09,110527.182
002351.SZ,20201230,13.14,13.27,13.05,13.24,13.22,0.02,0.1513,69320.35,91260.65
002351.SZ,20201229,12.9,13.44,12.81,13.22,13.02,0.2,1.5361,110881.65,146354.518
002351.SZ,20201228,13.47,13.47,13.01,13.02,13.47,-0.45,-3.3408,107808.29,141379.15
002351.SZ,20201225,13.72,13.73,13.41,13.47,13.85,-0.38,-2.7437,92361.85,124744.076
002351.SZ,20201224,13.9,14.24,13.77,13.85,13.83,0.02,0.1446,85160.25,119176.139
002351.SZ,20201223,14.21,14.3,13.58,13.83,14.25,-0.42,-2.9474,147628.22,204632.586
002351.SZ,20201222,14.36,14.53,14.2,14.25,14.56,-0.31,-2.1291,74145.51,106424.543
002351.SZ,20201221,14.5,14.7,14.25,14.56,14.51,0.05,0.3446,60074.93,87195.268
002351.SZ,20201218,14.84,14.84,14.46,14.51,14.8,-0.29,-1.9595,77236.97,112465.258
002351.SZ,20201217,15.18,15.2,14.29,14.8,15.21,-0.41,-2.6956,149731.48,218546.101
002351.SZ,20201216,15.21,15.35,15.12,15.21,15.15,0.06,0.396,51930.18,79127.541
002351.SZ,20201215,15.25,15.27,15.05,15.15,15.28,-0.13,-0.8508,66130.64,100215.569
002351.SZ,20201214,15.56,15.56,15.17,15.28,15.56,-0.28,-1.7995,82698.5,126258.081
002351.SZ,20201211,15.9,15.99,15.41,15.56,16.0,-0.44,-2.75,137216.44,213774.979
002351.SZ,20201210,16.36,16.36,15.9,16.0,16.58,-0.58,-3.4982,219130.5,351616.912
002351.SZ,20201209,16.33,16.99,16.32,16.58,16.24,0.34,2.0936,292182.51,488646.551
002351.SZ,20201208,16.16,16.24,16.12,16.24,16.17,0.07,0.4329,40640.3,65795.636
002351.SZ,20201207,16.27,16.32,16.15,16.17,16.26,-0.09,-0.5535,43150.28,69863.995
002351.SZ,20201204,16.39,16.39,16.25,16.26,16.4,-0.14,-0.8537,51323.5,83590.321
002351.SZ,20201203,16.48,16.55,16.3,16.4,16.46,-0.06,-0.3645,59727.03,97807.718
002351.SZ,20201202,16.44,16.6,16.39,16.46,16.26,0.2,1.23,93713.32,154478.87
002351.SZ,20201201,16.16,16.27,16.11,16.26,16.17,0.09,0.5566,54334.46,88071.222
002351.SZ,20201130,16.19,16.28,16.08,16.17,16.17,0.0,0.0,51559.5,83556.543
002351.SZ,20201127,16.14,16.22,16.06,16.17,16.13,0.04,0.248,37609.29,60663.288
002351.SZ,20201126,16.28,16.28,16.08,16.13,16.23,-0.1,-0.6161,48146.47,77688.767
002351.SZ,20201125,16.31,16.45,16.2,16.23,16.3,-0.07,-0.4294,47414.06,77186.575
002351.SZ,20201124,16.44,16.56,16.26,16.3,16.33,-0.03,-0.1837,60820.55,99706.079
002351.SZ,20201123,16.58,16.58,16.2,16.33,16.64,-0.31,-1.863,84104.5,137314.794
002351.SZ,20201120,16.43,16.81,16.37,16.64,16.28,0.36,2.2113,107644.89,179054.596
002351.SZ,20201119,16.13,16.29,16.02,16.28,16.22,0.06,0.3699,51827.1,83993.975
002351.SZ,20201118,16.3,16.32,16.12,16.22,16.2,0.02,0.1235,50096.57,81181.586
002351.SZ,20201117,16.45,16.45,16.08,16.2,16.45,-0.25,-1.5198,84772.0,136967.325
002351.SZ,20201116,16.53,16.65,16.35,16.45,16.53,-0.08,-0.484,56720.07,93196.83
002351.SZ,20201113,16.42,16.69,16.27,16.53,16.55,-0.02,-0.1208,51272.45,84480.8
002351.SZ,20201112,16.75,16.89,16.45,16.55,16.66,-0.11,-0.6603,65846.03,109487.285
002351.SZ,20201111,17.05,17.18,16.65,16.66,17.12,-0.46,-2.6869,113698.04,191272.06
002351.SZ,20201110,17.1,17.41,16.68,17.12,17.1,0.02,0.117,189838.39,324183.408
002351.SZ,20201109,16.48,17.22,16.48,17.1,16.43,0.67,4.0779,209564.15,355988.173
002351.SZ,20201106,16.69,16.7,16.36,16.43,16.64,-0.21,-1.262,89009.79,146829.558
002351.SZ,20201105,16.42,16.75,16.2,16.64,16.29,0.35,2.1486,114470.11,188594.452
002351.SZ,20201104,16.41,16.48,16.2,16.29,16.4,-0.11,-0.6707,59532.11,97048.841
002351.SZ,20201103,16.28,16.49,16.11,16.4,16.21,0.19,1.1721,69967.83,114412.774
002351.SZ,20201102,16.3,16.59,16.01,16.21,16.41,-0.2,-1.2188,102157.78,165600.514
002351.SZ,20201030,17.36,17.46,16.3,16.41,17.24,-0.83,-4.8144,209099.97,351253.213
002351.SZ,20201029,16.65,17.34,16.6,17.24,17.05,0.19,1.1144,186796.45,320059.167
002351.SZ,20201028,16.24,17.49,16.21,17.05,16.23,0.82,5.0524,207046.2,348921.857
002351.SZ,20201027,16.16,16.33,16.08,16.23,16.21,0.02,0.1234,45471.55,73602.791
002351.SZ,20201026,16.28,16.44,16.07,16.21,16.35,-0.14,-0.8563,49415.21,80377.437
002351.SZ,20201023,16.62,16.84,16.29,16.35,16.57,-0.22,-1.3277,61392.47,101435.68
002351.SZ,20201022,16.59,16.73,16.43,16.57,16.75,-0.18,-1.0746,49547.25,82171.996
002351.SZ,20201021,17.01,17.01,16.63,16.75,17.0,-0.25,-1.4706,56602.3,94904.25
002351.SZ,20201020,16.7,17.02,16.43,17.0,16.81,0.19,1.1303,83628.24,139740.48
002351.SZ,20201019,17.14,17.33,16.8,16.81,17.15,-0.34,-1.9825,101800.49,172787.051
002351.SZ,20201016,17.46,17.51,17.01,17.15,17.28,-0.13,-0.7523,116958.32,200608.14
002351.SZ,20201015,16.8,17.35,16.76,17.28,16.73,0.55,3.2875,208968.44,358955.771
002351.SZ,20201014,17.16,17.16,16.7,16.73,17.08,-0.35,-2.0492,101442.95,171044.296
002351.SZ,20201013,17.19,17.19,16.96,17.08,17.2,-0.12,-0.6977,101302.04,172899.541
002351.SZ,20201012,16.9,17.22,16.66,17.2,16.53,0.67,4.0532,203553.51,346269.505
002351.SZ,20201009,16.65,16.87,16.33,16.53,16.14,0.39,2.4164,115607.78,192272.834
002351.SZ,20200930,16.57,16.57,16.0,16.14,16.27,-0.13,-0.799,55017.52,89330.786
002351.SZ,20200929,16.21,16.4,16.09,16.27,16.14,0.13,0.8055,72230.02,117599.005
002351.SZ,20200928,16.2,16.38,16.14,16.14,16.23,-0.09,-0.5545,46038.09,74687.504
002351.SZ,20200925,16.26,16.4,16.02,16.23,16.18,0.05,0.309,64457.12,104443.364
002351.SZ,20200924,16.3,16.43,16.09,16.18,16.43,-0.25,-1.5216,71718.38,116324.589
002351.SZ,20200923,16.7,16.82,16.34,16.43,16.66,-0.23,-1.3806,79305.74,130892.837
002351.SZ,20200922,16.75,16.9,16.55,16.66,16.98,-0.32,-1.8846,77119.97,128980.85
002351.SZ,20200921,16.84,17.15,16.66,16.98,16.92,0.06,0.3546,118522.45,200685.524
002351.SZ,20200918,16.25,16.96,16.2,16.92,16.34,0.58,3.5496,171197.77,285692.158
002351.SZ,20200917,16.26,16.49,16.14,16.34,16.15,0.19,1.1765,96266.76,157250.217
002351.SZ,20200916,16.46,16.54,16.07,16.15,16.44,-0.29,-1.764,81720.68,132890.647
002351.SZ,20200915,16.6,16.6,16.31,16.44,16.58,-0.14,-0.8444,74243.43,121900.327
002351.SZ,20200914,16.45,16.77,16.34,16.58,16.45,0.13,0.7903,111774.55,185171.137
002351.SZ,20200911,15.67,16.5,15.41,16.45,15.69,0.76,4.8438,164763.04,264360.287
002351.SZ,20200910,16.33,16.57,15.56,15.69,16.28,-0.59,-3.6241,132760.33,213048.133
002351.SZ,20200909,17.19,17.19,16.0,16.28,17.38,-1.1,-6.3291,173982.22,287769.514
002351.SZ,20200908,17.78,17.95,17.24,17.38,17.78,-0.4,-2.2497,119033.19,208213.426
002351.SZ,20200907,18.14,18.26,17.72,17.78,18.14,-0.36,-1.9846,104889.98,188792.816
002351.SZ,20200904,17.8,18.2,17.5,18.14,18.06,0.08,0.443,102801.12,183305.772
002351.SZ,20200903,18.35,18.35,18.05,18.06,18.29,-0.23,-1.2575,104399.14,188876.353
002351.SZ,20200902,18.35,18.56,18.21,18.29,18.26,0.03,0.1643,103991.5,190987.271
002351.SZ,20200901,18.31,18.33,18.06,18.26,18.35,-0.09,-0.4905,93153.87,169222.503
002351.SZ,20200831,18.48,18.59,18.34,18.35,18.4,-0.05,-0.2717,112294.0,207283.356
002351.SZ,20200828,18.3,18.41,18.05,18.4,18.42,-0.02,-0.1086,119220.93,217419.309
002351.SZ,20200827,18.33,18.45,17.89,18.42,18.45,-0.03,-0.1626,159110.27,289284.613
002351.SZ,20200826,18.9,18.9,18.4,18.45,19.26,-0.81,-4.2056,237549.77,441767.665
002351.SZ,20200825,19.32,20.13,19.18,19.26,19.18,0.08,0.4171,333316.15,653587.9
002351.SZ,20200824,19.36,19.48,18.76,19.18,19.35,-0.17,-0.8786,242133.05,464018.0
002351.SZ,20200821,18.53,19.45,18.4,19.35,18.31,1.04,5.68,347044.63,661655.877
002351.SZ,20200820,18.45,18.81,18.23,18.31,18.81,-0.5,-2.6582,168941.51,311095.493
002351.SZ,20200819,19.57,19.57,18.76,18.81,19.57,-0.76,-3.8835,273096.91,520514.183
002351.SZ,20200818,18.86,19.58,18.62,19.57,18.76,0.81,4.3177,305771.76,588208.111
002351.SZ,20200817,18.34,18.79,18.3,18.76,18.34,0.42,2.2901,152566.92,284001.209
002351.SZ,20200814,18.18,18.47,17.92,18.34,18.22,0.12,0.6586,105612.72,192890.218
002351.SZ,20200813,18.31,18.58,18.15,18.22,18.25,-0.03,-0.1644,107248.03,196267.252
002351.SZ,20200812,18.61,18.77,17.78,18.25,18.59,-0.34,-1.8289,199861.47,361840.982
002351.SZ,20200811,19.13,19.26,18.5,18.59,19.1,-0.51,-2.6702,161789.76,305650.978
002351.SZ,20200810,18.87,19.17,18.68,19.1,19.06,0.04,0.2099,145832.33,276380.692
002351.SZ,20200807,19.41,19.66,18.7,19.06,19.51,-0.45,-2.3065,202810.75,387319.126
002351.SZ,20200806,19.81,19.81,19.28,19.51,19.82,-0.31,-1.5641,193937.42,377998.827
002351.SZ,20200805,19.79,19.98,19.55,19.82,19.81,0.01,0.0505,181199.43,358289.124
002351.SZ,20200804,20.18,20.18,19.51,19.81,20.15,-0.34,-1.6873,267950.29,529898.363
002351.SZ,20200803,20.1,20.28,19.66,20.15,19.95,0.2,1.0025,328986.85,659249.115
002351.SZ,20200731,19.03,20.5,18.92,19.95,19.03,0.92,4.8345,427353.68,851743.801
002351.SZ,20200730,19.5,19.55,19.0,19.03,19.49,-0.46,-2.3602,237287.25,454749.44
002351.SZ,20200729,18.91,19.5,18.72,19.49,18.99,0.5,2.633,222379.2,428908.471
002351.SZ,20200728,18.8,19.18,18.67,18.99,18.5,0.49,2.6486,201560.85,381578.709
002351.SZ,20200727,18.69,18.86,18.0,18.5,18.7,-0.2,-1.0695,208089.59,384515.14
002351.SZ,20200724,19.86,20.14,18.2,18.7,19.95,-1.25,-6.2657,295170.83,567052.596
002351.SZ,20200723,20.08,20.2,19.41,19.95,20.31,-0.36,-1.7725,272870.08,540781.661
002351.SZ,20200722,20.05,20.6,19.71,20.31,20.03,0.28,1.3979,281072.52,570968.105
002351.SZ,20200721,20.15,20.48,19.9,20.03,20.15,-0.12,-0.5955,214708.05,431902.959
002351.SZ,20200720,20.0,20.28,19.72,20.15,19.74,0.41,2.077,231562.59,463382.143
002351.SZ,20200717,19.27,20.18,19.27,19.74,19.74,0.0,0.0,289048.44,569226.072
002351.SZ,20200716,21.71,22.06,19.67,19.74,21.85,-2.11,-9.6568,501768.69,1045658.398
002351.SZ,20200715,22.32,22.47,21.62,21.85,22.12,-0.27,-1.2206,366496.27,806583.505
002351.SZ,20200714,22.5,22.68,21.77,22.12,23.0,-0.88,-3.8261,617557.61,1371697.339
002351.SZ,20200713,22.3,23.23,22.05,23.0,22.61,0.39,1.7249,624787.64,1431242.066
002351.SZ,20200710,23.23,23.29,22.35,22.61,23.56,-0.95,-4.0323,792820.3,1810393.676
002351.SZ,20200709,23.3,23.97,22.7,23.56,23.4,0.16,0.6838,936598.25,2186832.108
002351.SZ,20200708,23.22,23.56,22.17,23.4,24.0,-0.6,-2.5,1247518.87,2859581.874
002351.SZ,20200707,21.98,24.0,21.58,24.0,21.82,2.18,9.9908,1135656.21,2601303.287
002351.SZ,20200706,20.35,22.7,20.18,21.82,20.82,1.0,4.8031,800949.02,1698889.467
002351.SZ,20200703,21.42,21.52,20.48,20.82,21.4,-0.58,-2.7103,473859.43,984772.991
002351.SZ,20200702,21.21,21.64,20.74,21.4,21.75,-0.35,-1.6092,493600.1,1045779.341
002351.SZ,20200701,20.98,22.19,20.96,21.75,21.12,0.63,2.983,668771.4,1450224.526
002351.SZ,20200630,21.31,21.69,21.1,21.12,20.77,0.35,1.6851,517596.79,1105771.921
002351.SZ,20200629,20.73,20.84,20.18,20.77,21.5,-0.73,-3.3953,377456.66,776900.136
002351.SZ,20200624,21.51,21.95,20.93,21.5,20.81,0.69,3.3157,628665.35,1346191.36
002351.SZ,20200623,21.59,21.67,20.43,20.81,21.68,-0.87,-4.0129,492401.19,1026345.774
002351.SZ,20200622,22.39,22.39,21.03,21.68,21.54,0.14,0.65,882684.48,1909590.628
002351.SZ,20200619,19.9,21.54,19.9,21.54,19.58,1.96,10.0102,707656.08,1493280.297
002351.SZ,20200618,19.4,19.99,19.35,19.58,19.74,-0.16,-0.8105,397442.82,784743.407
002351.SZ,20200617,20.0,20.03,19.16,19.74,20.35,-0.61,-2.9975,510382.74,997510.762
002351.SZ,20200616,20.77,20.88,19.86,20.35,20.55,-0.2,-0.9732,441436.38,895929.059
002351.SZ,20200615,19.74,21.2,19.63,20.55,19.89,0.66,3.3183,570553.75,1173049.437
002351.SZ,20200612,19.5,20.27,19.2,19.89,20.06,-0.17,-0.8475,394916.43,777815.239
002351.SZ,20200611,20.05,20.46,19.74,20.06,20.0,0.06,0.3,461449.27,929438.156
002351.SZ,20200610,20.44,20.49,19.31,20.0,20.35,-0.35,-1.7199,512735.67,1016942.246
002351.SZ,20200609,20.33,20.54,19.8,20.35,20.19,0.16,0.7925,454120.52,914966.647
002351.SZ,20200608,21.6,22.0,20.01,20.19,21.52,-1.33,-6.1803,736704.83,1530464.273
002351.SZ,20200605,21.11,22.48,21.11,21.52,21.34,0.18,0.8435,543769.52,1183553.155
002351.SZ,20200604,21.88,22.32,21.0,21.34,22.2,-0.86,-3.8739,590236.42,1269286.874
002351.SZ,20200603,21.56,23.33,20.57,22.2,21.76,0.44,2.0221,842460.19,1849499.899
002351.SZ,20200602,22.0,22.8,21.15,21.76,20.85,0.91,4.3645,846463.86,1850265.687
002351.SZ,20200601,19.01,20.85,19.01,20.85,18.95,1.9,10.0264,448487.07,903640.952
002351.SZ,20200529,19.39,19.96,18.6,18.95,18.6,0.35,1.8817,790743.55,1522719.542
002351.SZ,20200528,25.0,28.05,24.78,28.05,25.5,2.55,10.0,579265.1,1571396.503
002351.SZ,20200527,24.89,25.59,23.0,25.5,23.76,1.74,7.3232,595760.44,1454142.633
002351.SZ,20200526,21.71,23.76,21.71,23.76,21.6,2.16,10.0,346820.0,813642.582
002351.SZ,20200525,22.12,22.84,21.4,21.6,22.11,-0.51,-2.3066,197052.91,434292.861
002351.SZ,20200522,23.33,23.33,21.6,22.11,23.34,-1.23,-5.2699,279572.4,623127.365
002351.SZ,20200521,23.6,24.58,22.7,23.34,23.58,-0.24,-1.0178,394770.94,935257.667
002351.SZ,20200520,22.31,24.15,21.8,23.58,22.08,1.5,6.7935,460957.05,1061682.818
002351.SZ,20200519,21.91,22.79,21.5,22.08,21.3,0.78,3.662,315947.47,703223.406
002351.SZ,20200518,23.64,23.82,21.12,21.3,23.42,-2.12,-9.0521,449693.72,991710.888
002351.SZ,20200515,21.75,23.86,21.4,23.42,21.75,1.67,7.6782,527395.81,1192048.975
002351.SZ,20200514,20.05,22.63,19.97,21.75,20.57,1.18,5.7365,545946.89,1168921.773
002351.SZ,20200513,19.85,20.76,19.72,20.57,19.4,1.17,6.0309,532158.14,1081382.296
