Stock Code,Stock Name,Current Price,Market Value,Turnover,Net Profit
SH.601096,宏盛华源,4.24,11342657573.12
SH.601083,锦江航运,11.12,14390614400.0
SZ.001376,百通能源,12.89,5941001000.0
SZ.301507,民生健康,13.18,4699386069.4
SH.688548,广钢气体,10.58,13959236352.18
SZ.301395,仁信新材,12.76,2588850880.0
SZ.301332,德尔玛,10.33,4767940625.0
SH.688352,颀中科技,11.39,13543134710.32
SH.603137,恒尚节能,13.41,2453136008.94
SH.601133,柏诚股份,11.17,5889655718.2
SH.603162,海通发展,8.09,7413255222.92
SH.603291,联合水务,12.71,5379133876.84
SZ.301408,华人健康,11.83,4732118300.0
SZ.301303,真兰仪表,13.52,5526976000.0
SH.688410,山外山,13.15,4225300744.9
SH.601022,宁波远洋,8.35,10927088338.9
SZ.301277,新天地,12.31,4826485104.0
SZ.001338,永顺泰,11.44,5739800740.96
SH.688432,有研硅,11.29,14085641744.82
SH.603151,邦基科技,14.59,2451120000.0
SZ.001299,美能能源,10.76,2610791400.56
SZ.001322,箭牌家居,8.58,8310564405.0
SH.603182,嘉华股份,12.9,2122695000.0
SH.688247,宣泰医药,9.46,4288596400.0
SH.688403,汇成股份,9.89,8287648220.59
SH.603170,宝立食品,13.19,5276131900.0
SZ.301175,中科环保,5.28,7771526400.0
SZ.001318,阳光乳业,13.12,3708499200.0
SH.688046,药康生物,12.03,4932300000.0
SH.603191,望变电气,12.28,4091295757.96
SZ.301256,华融化学,11.22,5385600000.0
SH.688102,斯瑞新材,11.92,8669867648.8
SZ.301215,中汽股份,5.97,7894728000.0
SH.603209,兴通股份,14.52,4065600000.0
SZ.301116,益客食品,10.9,4893877563.7
SZ.001227,兰州银行,2.33,13270974401.44
SH.603216,梦天家居,12.15,2705683500.0
SH.603230,内蒙新华,13.16,4652362680.0
SZ.001267,汇绿生态,8.42,6563991423.76
SH.600927,永安期货,12.34,17961555561.04
SZ.301126,达嘉维康,10.63,2183436016.0
SZ.301149,隆华新材,11.01,4734300198.18
SZ.301088,戎美股份,14.63,3334177000.0
SH.688553,汇宇制药-W,13.73,5816028000.0
SZ.001219,青岛食品,13.59,2649829162.5
SZ.301078,孩子王,12.63,15936193823.58
SH.688772,珠海冠宇,13.7,15447684230.4
SZ.001217,华尔泰,11.0,3650570000.0
SZ.001216,华瓷股份,13.66,3440499122.0
SZ.301058,中粮科工,11.11,5691366861.95
SH.605599,菜百股份,13.84,10764444752.0
SZ.301048,金鹰重工,10.54,5621334036.0
SZ.001213,中铁特货,4.07,18088888887.08
SH.605577,龙版传媒,12.59,5595555562.55
SH.605167,利柏特,9.25,4153897500.0
SZ.301032,新柴股份,13.99,3373456266.0
SZ.301028,东亚机械,12.3,4695821626.8
SZ.301039,中集车辆,8.52,15967540058.4
SH.605162,新中港,7.68,3076091404.8
SH.601921,浙版传媒,8.02,17822222228.46
SH.605056,咸亨国际,14.58,5983154359.2
SZ.001208,华菱线缆,10.63,5680927120.0
SH.688597,煜邦电力,11.2,2767535500.8
SH.601528,瑞丰银行,5.16,10124752798.2
SH.605189,富春染织,13.24,1982906209.2
SH.603836,海程邦达,12.89,2645482204.93
SZ.300993,玉马科技,10.57,3256946784.0
SH.688575,亚辉龙,14.61,8333935548.0
SH.605196,华通线缆,14.09,7206792384.29
SH.603511,爱慕股份,13.95,5671454972.4
SZ.001203,大中矿业,8.54,12878504361.52
SH.605300,佳禾食品,13.74,6243436722.78
SH.600032,浙江新能,7.67,18443859735.08
SZ.300978,东箭科技,10.98,4641276074.22
SZ.300975,商络电子,11.22,7708202876.88
SH.688315,诺禾致源,14.15,5889230000.0
SH.603759,海天股份,8.06,3721785600.0
SZ.003039,顺控发展,14.04,8669962969.2
SH.605268,王力安防,8.79,3950061187.5
SZ.300943,春晖智控,13.92,2837174400.0
SH.605337,李子园,13.15,5186794423.4
SH.600916,中国黄金,8.25,13860000000.0
SH.605368,蓝天燃气,10.39,7425056029.16
SZ.003036,泰坦股份,14.98,3236294434.66
SH.601956,东贝集团,6.61,4109979284.4
SH.605155,西大门,12.0,2298569280.0
SH.605377,华旺科技,11.0,5102810790.0
SH.688658,悦康药业,14.94,6723000000.0
SH.601686,友发集团,5.82,8344174740.0
SH.688219,会通股份,12.9,6163022949.3
SZ.003018,金富科技,11.06,2875600000.0
SZ.003013,地铁设计,14.89,6079987511.22
SH.601568,北元集团,4.22,16762777785.28
SZ.003012,东鹏控股,6.19,7161713368.02
SZ.003003,天元股份,11.77,2080915991.0
SH.688585,上纬新材,7.76,3130087009.28
SH.605050,福然德,12.74,6278643765.94
SH.605018,长华集团,11.43,5386110813.99
SH.601187,厦门银行,5.79,15280550471.52
SZ.300885,海昌新材,14.36,3563459848.0
SZ.003000,劲仔食品,13.72,6186267861.48
SZ.002998,优彩资源,6.98,2278323714.82
SH.603155,新亚强,13.6,4294700480.0
SZ.002996,顺博合金,6.87,4599028706.91
SH.605066,天正电气,7.61,3855362028.75
SH.605158,华达新材,8.2,4193644000.0
SH.688586,江航装备,10.59,8380281662.04
SH.603408,建霖家居,11.42,5111283660.0
SZ.300858,科拓生物,14.27,3760075333.86
SH.688579,山大地纬,9.66,3864096600.0
SZ.300845,捷安高科,14.19,2070219796.92
SZ.300824,北鼎股份,12.22,3987895354.04
SH.601827,三峰环境,8.31,13893765723.0
SH.605166,聚合顺,11.22,3531227358.12
SH.605001,威奥股份,7.01,2754130860.0
SH.601778,晶科科技,2.68,9570205892.64
SH.688588,凌志软件,14.09,5636140942.27
SZ.300831,派瑞股份,14.38,4601600000.0
SH.603439,贵州三力,12.06,4942214724.96
SH.601609,金田股份,6.67,9908272513.76
SH.603221,爱丽家居,10.97,2683042600.0
SZ.300823,建科智能,14.12,1849476105.24
SZ.300821,东岳硅材,7.62,9144000000.0
SZ.002973,侨银股份,12.92,5279959073.96
SZ.002972,科安达,11.77,2895523576.0
SH.601512,中新集团,7.37,11046819300.0
SZ.001914,招商积余,11.64,12342428138.4
SZ.002969,嘉美包装,3.32,3172098282.8
SH.688389,普门科技,13.06,5596023633.8
SZ.300797,钢研纳克,14.8,5669880000.0
SH.603610,麒盛科技,14.09,5051113546.59
SH.603815,交建股份,8.15,5044232515.25
SZ.002962,五方光电,14.58,4252480832.16
SH.603093,南华期货,12.7,7747836841.1
SZ.300787,海能实业,14.2,3742606769.4
SZ.002960,青鸟消防,11.39,8386460314.49
SH.603687,大胜达,7.16,3938228146.24
SH.603327,福蓉科技,11.82,9078686463.42
SZ.002953,日丰股份,10.9,4980088454.1
SH.603697,有友食品,11.62,4969782178.76
SZ.300772,运达股份,11.11,8742784578.55
SH.603317,天味食品,11.52,12268757306.88
SH.603967,中创物流,11.68,4049067172.8
SZ.002950,奥美医疗,8.42,5332094726.94
SZ.002958,青农商行,3.31,18389098082.36
SH.603681,永冠新材,12.81,2448388174.05
SZ.002949,华阳国际,14.25,2793608318.25
SH.600928,西安银行,3.64,16177777779.8
SH.601975,招商南油,2.73,13109067284.04
SH.603700,宁水集团,11.96,2412322240.64
SH.603739,蔚蓝生物,12.97,3281784392.02
SH.601860,紫金银行,2.78,10177536946.14
SH.603187,海容冷链,11.43,4416736103.01
SZ.002941,新疆交建,11.5,7424181316.0
SZ.300694,蠡湖股份,13.83,2977833791.91
SZ.002940,昂利康,13.53,2729382356.58
SZ.002935,天奥电子,14.9,6355184758.3
SH.601068,中铝国际,4.47,13346688113.49
SH.603105,芯能科技,8.36,4180053846.76
SH.603693,江苏新能,12.15,10831431942.0
SH.601330,绿色动力,7.15,9963188499.55
SH.603876,鼎胜新材,8.76,8155186937.88
SZ.002930,宏川智慧,9.32,4263802941.52
SH.600929,雪天盐业,5.09,8351222298.5
SZ.002928,华夏航空,7.78,9944719259.0
SH.603871,嘉友国际,14.59,14256604522.78
SZ.300740,水羊股份,13.42,5211503018.92
SH.603056,德邦股份,13.17,13430968659.96
SZ.300664,鹏鹞环保,5.12,3890239139.84
SH.603161,科华控股,12.07,2336486315.16
SH.603890,春秋电子,12.38,5435632833.66
SZ.300729,乐歌股份,14.98,5112812579.98
SH.603848,好太太,14.99,6054633549.89
SH.603711,香飘飘,13.12,5414420640.0
SZ.002911,佛燃能源,10.17,13195587824.37
SH.603970,中农立华,13.55,3642241815.7
SH.603916,苏博特,8.82,3815656529.58
SH.600903,贵州燃气,6.9,7935057187.2
SH.603856,东宏股份,11.6,3271850296.0
SH.603289,泰瑞机器,9.27,2719505100.42
SZ.002907,华森制药,14.33,5984155179.62
SH.603683,晶华新材,13.7,3596240259.3
SZ.300708,聚灿光电,11.58,7876164166.68
SH.603136,天目湖,11.62,3138872370.2
SH.603367,辰欣药业,13.42,6075960411.18
SH.601086,国芳集团,11.28,7512480000.0
SH.603363,*ST傲农,3.96,10307728830.96
SZ.002900,哈三联,11.3,3574840315.0
SH.603055,台华新材,9.95,8858411698.35
SH.603648,畅联股份,10.28,3725603584.0
SH.603527,众源新材,10.03,3179221136.0
SH.603500,祥和实业,9.21,3083364683.19
SZ.002893,京能热力,10.68,2815675200.0
SZ.300692,中环环保,6.24,2648927723.52
SH.603181,皇马科技,12.64,7441168000.0
SH.601949,中国出版,6.45,12280593948.3
SH.603535,嘉诚国际,9.23,4715726288.52
SH.603357,设计总院,8.51,4772270180.55
SH.601326,秦港股份,3.24,18103214880.0
SH.603676,卫信康,10.13,4408185995.0
SH.601619,嘉泽新能,3.84,9347951258.88
SH.603707,健友股份,10.72,17319606867.68
SH.603730,岱美股份,8.09,13370799680.5
SH.603305,旭升集团,13.74,13098512128.68
SH.603801,志邦家居,11.05,4823388128.65
SH.603617,君禾股份,7.23,2823107766.51
SH.603938,三孚股份,14.6,5586317656.2
SH.603980,吉华集团,4.63,3133738456.8
SH.603587,地素时尚,12.14,5787906243.48
SH.603326,我乐家居,8.52,2750585553.6
SH.603680,今创集团,9.74,7633420790.58
SZ.002871,伟隆股份,10.64,2333659432.16
SH.603758,秦安股份,12.98,5695585696.02
SH.603269,海鸥股份,11.97,2639827614.69
SH.601952,苏垦农发,9.78,13476840000.0
SH.603229,奥翔药业,7.98,6625771217.1
SZ.002867,周大生,12.96,14203204394.4
SZ.300514,友讯达,13.49,2698000000.0
SH.601200,上海环境,7.92,10662143587.92
SH.603081,大丰实业,11.37,4963294571.16
SZ.002863,今飞凯达,5.1,3057366125.4
SH.603926,铁流股份,11.76,2764805764.56
SH.603225,新凤鸣,10.94,16680923006.42
SZ.002860,星帅尔,13.95,5064456518.1
SZ.300636,同和药业,7.32,3085580202.0
SH.603538,美诺华,13.88,3034293961.0
SH.603811,诚意药业,8.9,2913008448.0
SZ.002852,道道全,9.72,3343371924.6
SH.603768,常青股份,11.98,2850711166.86
SH.603817,海峡环保,5.75,3277983224.25
SZ.300610,晨化股份,11.34,2438190493.2
SZ.300601,康泰生物,14.04,15681667533.48
SH.603637,镇海股份,10.26,2448917098.02
SH.603089,正裕工业,11.26,2519298392.56
SH.603966,法兰泰克,10.64,3831543502.08
SZ.300592,华凯易佰,11.76,4760987419.44
SZ.300590,移为通信,12.74,5858880270.88
SH.603165,荣晟环保,12.08,3293164170.24
SH.603223,恒通股份,8.68,6199143559.28
SH.601368,绿城水务,5.21,4600289731.17
SH.603066,音飞储存,11.38,3347769242.12
SH.601968,宝钢包装,4.85,6187530381.0
SH.603566,普莱柯,13.57,4696065044.61
SH.603311,金海高科,10.63,2507445931.41
SH.603718,海利生物,6.93,4543739046.0
SH.603227,雪峰科技,9.75,10449003717.75
SH.603599,广信股份,10.93,9949243940.85
SH.600959,江苏有线,3.29,16452361186.94
SH.603567,珍宝岛,11.17,10512540602.53
SH.603318,水发燃气,6.55,3006914552.2
SH.603315,福鞍股份,13.6,4357797190.4
SH.603025,大豪科技,13.59,15073685165.07
SH.603020,爱普股份,8.23,3154046880.02
SH.603158,腾龙股份,8.62,4230690017.72
SH.603012,创力集团,5.7,3707690400.0
SH.603519,立霸股份,13.15,3502211082.85
SH.603015,弘讯科技,12.95,5234636050.0
SH.603309,维力医疗,11.96,3502701495.28
SH.603969,银龙股份,6.59,5632894760.0
SH.603898,好莱客,10.61,3302728895.13
SH.603618,杭电股份,6.44,4452458967.04
SH.603558,健盛集团,8.9,3143330026.1
SH.603686,福龙马,13.41,5570921717.64
SH.603600,永艺股份,11.12,3683090450.4
SH.603601,再升科技,3.59,3667729193.74
SH.603889,新澳股份,6.12,4470604571.16
SH.603588,高能环境,5.59,8514880614.63
SH.601226,华电科工,6.29,7332393267.0
SH.601969,海南矿业,7.12,14231400734.56
SH.603998,方盛制药,9.57,4202044024.2
SH.603518,锦泓集团,8.21,2846291928.64
SH.603088,XD宁波精,10.02,4387475836.8
SH.603018,华设集团,7.66,5237856923.12
SH.603456,九洲药业,13.91,12452730367.48
SH.603169,兰石重装,7.35,9601244715.3
SH.601016,节能风电,2.94,19031764189.2
SZ.300396,迪瑞医疗,13.41,3656909159.01
SH.603609,禾丰股份,8.5,7756061886.5
SZ.300389,艾比森,10.8,3986283423.6
SH.603111,康尼机电,6.71,5824737776.33
SZ.300387,富邦科技,8.48,2451203512.64
SZ.002727,一心堂,14.01,8204313791.25
SH.603328,依顿电子,9.17,9155718742.87
SZ.002722,物产金轮,14.92,3082303806.84
SZ.002716,湖南白银,3.55,10021964693.3
SZ.300376,ST易事特,3.53,8218688880.28
SZ.300375,鹏翎股份,4.95,3739125149.1
SZ.002707,众信旅游,7.69,7557078603.77
SZ.002706,良信股份,8.79,9872268925.8
SZ.002705,新宝股份,14.83,12040117817.4
SZ.002703,浙江世宝,12.22,10052567732.48
SZ.002701,奥瑞金,5.51,14104280184.19
SH.603167,渤海轮渡,8.87,4161311741.61
SZ.002697,红旗连锁,5.69,7738400000.0
SZ.300349,金卡智能,12.29,5141364347.77
SZ.002692,远程股份,5.03,3612274380.0
SH.601038,一拖股份,13.38,15034373779.5
SZ.300337,银邦股份,10.93,8983585600.0
SZ.002688,金河生物,6.18,4769071379.64
SZ.002687,乔治白,4.44,2241220940.04
SZ.300335,迪森股份,5.24,2499544913.12
SZ.300332,天壕能源,4.64,4014134899.2
SZ.002685,华东重机,7.65,7708833403.65
SH.601339,百隆东方,5.06,7587819140.0
SZ.002681,奋达科技,7.55,13630814363.8
SZ.300320,海达股份,10.58,6361057740.78
SH.603128,华贸物流,6.44,8430259421.36
SZ.002676,顺威股份,6.05,4356000000.0
SZ.002675,东诚药业,13.99,11536093912.95
SZ.300319,麦捷科技,10.8,9494235309.6
SH.603366,日出东方,10.32,8390656402.32
SH.603002,宏昌电子,5.81,6588996137.29
SZ.300315,掌趣科技,4.96,13492034510.08
SZ.300314,戴维医疗,12.37,3562560000.0
SZ.002671,龙泉股份,4.29,2418248744.34
SZ.002668,TCL智家,10.76,11665038965.28
SZ.300307,慈星股份,8.92,7084699081.92
SZ.300306,远方信息,12.27,3300124206.06
SZ.002666,德联集团,4.81,3790276637.81
SZ.300304,云意电气,7.7,6761706628.6
SZ.300303,聚飞光电,6.15,8661074071.05
SZ.002661,克明食品,10.13,3374685326.46
SZ.002660,茂硕电源,9.29,3313055716.51
SZ.002662,峰璟股份,3.63,5445000000.0
SZ.002658,雪迪龙,6.82,4335889501.68
SZ.300292,吴通控股,4.92,6601483672.08
SZ.002655,共达电声,13.62,4903200000.0
SZ.002654,万润科技,11.82,9991476070.08
SZ.300284,苏交科,9.23,11655900354.02
SZ.002651,利君股份,9.83,10158911800.0
SZ.002649,博彦科技,13.73,8036780424.36
SZ.300279,和晶科技,6.73,3291639567.7
SZ.002643,万润股份,11.07,10294756885.35
SZ.300278,华昌达,5.69,8088372030.52
SZ.002641,公元股份,4.14,5088448625.94
SZ.002637,赞宇科技,9.44,4440585440.0
SZ.002635,安洁科技,13.75,9070693170.0
SZ.002632,道明光学,8.73,5452750055.7
SZ.002592,ST八菱,5.88,1665987203.16
SZ.002627,三峡旅游,5.27,3818649262.06
SZ.300275,梅安森,13.34,4070785148.72
SZ.300272,开能健康,6.15,3549890152.65
SZ.002617,露笑科技,7.77,14941755866.31
SZ.002616,长青集团,5.86,4348259081.24
SH.601677,明泰铝业,12.31,15309996572.37
SZ.300265,通光线缆,8.67,3973417840.74
SZ.300263,隆华科技,7.52,6801537049.28
SZ.002615,哈尔斯,7.4,3450381216.8
SZ.002614,奥佳华,6.83,4258346216.16
SZ.300259,新天科技,3.54,4141097366.64
SZ.002613,北玻股份,3.95,4347246333.4
SZ.002611,东方精工,13.32,16220647648.8
SZ.300258,精锻科技,14.96,7682237657.6
SZ.300257,开山股份,9.51,9449469021.18
SZ.300254,仟源医药,9.19,2282047593.97
SH.601886,江河集团,5.8,6571411948.0
SH.601789,宁波建工,5.45,5923052315.5
SH.601636,旗滨集团,5.48,14705673636.76
SZ.002607,中公教育,3.12,19242286093.68
SH.601222,林洋能源,5.6,11536947273.6
SZ.002606,大连电瓷,8.6,3776029692.0
SZ.300248,新开普,14.12,6726039309.16
SZ.300247,融捷健康,3.77,3031231980.01
SZ.002598,山东章鼓,11.8,3682011536.8
SZ.300239,东宝生物,5.29,3140185965.57
SZ.002593,日上集团,5.09,4091637367.61
SZ.300232,洲明科技,7.17,7823238200.97
SZ.300230,永利股份,4.78,3887160247.98
SZ.002590,万安科技,12.37,6420679140.49
SZ.002588,史丹利,8.37,9641335872.6
SZ.300228,富瑞特装,7.44,4358809924.56
SH.601010,文峰股份,2.98,5507040000.0
SZ.002584,西陇科学,8.97,5249391305.34
SH.601311,骆驼股份,8.67,10171176843.06
SZ.300224,正海磁材,13.4,11225373670.2
SH.601566,九牧王,9.14,5252183551.0
SH.601599,浙文影业,3.57,4143136557.21
SZ.300222,科大智能,10.42,8109690458.28
SZ.300221,银禧科技,9.26,4440523593.1
SH.601208,东材科技,9.69,8689842996.87
SZ.300219,鸿利智汇,6.45,4566235613.7
SZ.300218,安利股份,14.48,3141971760.0
SZ.300217,东方电热,5.08,7508122855.2
SH.601113,华鼎股份,4.15,4582231737.9
SZ.002580,圣阳股份,12.92,5863987389.56
SZ.300213,佳讯飞鸿,8.43,5005047494.52
SZ.300206,理邦仪器,11.91,6903790450.86
SZ.002570,贝因美,6.07,6555863031.31
SZ.300201,海伦哲,5.29,5337840681.03
SZ.300200,高盟新材,9.79,4219227686.74
SZ.300196,长海股份,11.71,4786070788.79
SZ.002567,唐人神,4.86,6964629769.98
SZ.300194,福安药业,4.13,4913512137.66
SZ.300193,佳士科技,9.63,4753355163.21
SZ.002566,益盛药业,7.17,2372922972.0
SZ.002565,顺灏股份,3.89,4123356906.58
SH.601199,江南水务,5.43,5078191885.56
SZ.002563,森马服饰,5.96,16056777353.6
SZ.300187,永清环保,4.99,3221654603.35
SZ.002556,辉隆股份,5.47,5177453897.6
SH.601116,三江购物,10.98,6013508832.0
SZ.002552,宝鼎科技,13.67,5584769673.13
SZ.300184,力源信息,10.56,12186365896.32
SZ.300182,捷成股份,5.4,14384658412.8
SZ.300180,华峰超纤,7.36,12961402740.8
SZ.002550,千红制药,5.99,7666002000.0
SZ.300179,四方达,9.33,4533529383.9
SZ.002546,新联电子,5.06,4220288425.76
SZ.002545,东方铁塔,7.76,9653921764.08
SZ.300173,福能东方,5.75,4224672763.5
SZ.300172,中电环保,5.04,3410618400.0
SZ.300171,东富龙,12.09,9258861003.6
SH.601616,广电电气,3.85,3286649978.15
SZ.002543,万和电气,11.57,8603452000.0
SZ.002540,亚太科技,6.15,7696835626.2
SZ.002539,云图控股,8.46,10217343026.52
SZ.002538,司尔特,5.09,4344598833.67
SZ.300164,通源石油,4.02,2365603688.58
SZ.300160,秀强股份,5.57,4305310846.44
SZ.002535,林州重机,4.05,3246816449.7
SZ.002534,西子洁能,11.54,8530443517.76
SZ.002533,金杯电工,9.98,7324731798.76
SZ.002531,天顺风能,6.67,11985180648.86
SZ.300154,瑞凌股份,10.33,4643905226.33
SH.601890,亚星锚链,9.34,8960796000.0
SZ.300151,昌红科技,13.47,7172892148.59
SZ.002526,山东矿机,3.91,6970723898.76
SZ.300146,汤臣倍健,11.19,19032460372.89
SZ.002521,齐峰新材,9.37,5247772038.5
SZ.300145,中金环境,3.61,6934449851.96
SZ.300143,盈康生命,9.48,7104801205.92
SZ.002516,旷达科技,5.16,7589527599.12
SZ.002515,金字火腿,5.32,6440467352.48
SZ.002511,中顺洁柔,6.76,8737678647.88
SZ.002510,天汽模,6.05,6141589183.4
SZ.002507,涪陵榨菜,13.18,15208652789.04
SZ.002506,协鑫集成,2.21,12929199303.67
SZ.300142,沃森生物,10.19,16297361632.79
SZ.300140,节能环境,5.98,18532420755.68
SZ.002498,汉缆股份,3.36,11178034560.0
SZ.002497,雅化集团,11.36,13093110227.2
SZ.300138,晨光生物,11.26,5439707047.18
SZ.002492,恒基达鑫,5.77,2336850000.0
SZ.300133,华策影视,7.14,13573666225.14
SZ.300132,青松股份,5.4,2789536784.4
SZ.002491,通鼎互联,5.11,6285271895.0
SZ.002489,浙江永强,3.69,8003670194.97
SZ.300131,英唐智控,7.22,8194840681.7
SZ.300129,泰胜风能,6.68,6245126869.76
SZ.002483,润邦股份,6.35,5629074422.55
SZ.002481,双塔食品,5.18,6390547870.0
SZ.002479,富春环保,5.2,4498000000.0
SZ.002478,常宝股份,5.33,4804175395.24
SZ.300121,阳谷华泰,11.67,5236527926.82
SZ.002476,宝莫股份,4.44,2717280000.0
SZ.002469,三维化学,8.84,5735945649.2
SZ.002468,申通快递,10.58,16195886916.28
SZ.002467,二六三,5.46,7509530426.58
SZ.300105,龙源技术,7.21,3719021968.2
SZ.002462,嘉事堂,13.11,3824280343.2
SZ.300102,乾照光电,10.98,10105265815.74
SZ.002458,益生股份,8.35,9238547840.25
SZ.300099,尤洛卡,7.24,5337800446.2
SZ.002457,青龙管业,11.87,3958488316.0
SZ.002454,松芝股份,7.5,4714362000.0
SZ.002452,长高电新,7.18,4453984370.3
SZ.002449,国星光电,8.95,5535370662.55
SZ.002448,中原内配,8.12,4777886325.52
SZ.002445,中南文化,2.29,5476920477.99
SZ.300092,科新机电,12.6,3451433214.6
SZ.002443,金洲管道,6.16,3206498803.2
SZ.002442,龙星科技,6.3,3170785999.5
SZ.002441,众业达,8.79,4786538323.11
SZ.002440,闰土股份,7.39,8306359297.95
SZ.002438,江苏神通,11.17,5669193439.37
SZ.002437,誉衡药业,2.44,5479726931.44
SZ.002434,万里扬,8.03,10540178000.0
SZ.002420,毅昌科技,6.09,2506035000.0
SZ.002419,天虹股份,5.45,6370220237.5
SZ.002416,爱施德,11.99,14858988853.94
SZ.300088,长信科技,6.07,15161242824.53
SZ.300087,荃银高科,9.34,8848078554.34
SZ.002412,汉森制药,5.72,2878304000.0
SZ.300083,创世纪,9.07,15100303682.23
SZ.002406,远东传动,7.94,5797987151.08
SZ.002404,嘉欣丝绸,6.21,3477920069.61
SZ.002400,省广集团,7.6,13249362172.8
SZ.002399,海普瑞,11.03,16184277130.12
SH.601369,陕鼓动力,8.77,15133503519.41
SZ.002394,联发股份,8.04,2602548000.0
SZ.002392,北京利尔,7.03,8369150598.17
SZ.300070,碧水源,4.55,16490152601.65
SZ.002390,信邦制药,3.53,6861797094.04
SZ.002385,大北农,4.11,17673322902.15
SZ.002378,章源钨业,7.8,9371057794.8
SH.601101,昊华能源,7.19,10353585087.94
SZ.300063,天龙集团,8.6,6523333490.0
SZ.002376,新北洋,6.91,5600987158.31
SZ.002375,亚厦股份,3.78,5065186762.44
SH.601518,吉林高速,2.73,5161210151.37
SH.601188,龙江交通,3.73,4908227069.83
SZ.002372,伟星新材,11.84,18849729777.92
SZ.002367,康力电梯,7.16,5719309098.92
SZ.002365,永安药业,11.04,3253294800.0
SH.601678,滨化股份,4.24,8726073810.24
SZ.002358,森源电气,5.31,4937009547.87
SZ.002357,富临运业,7.89,2473428494.04
SZ.002355,兴民智通,6.9,4281935760.0
SZ.002351,漫步者,13.64,12127419480.0
SZ.002349,精华制药,7.07,5756259019.56
SZ.002346,柘中股份,14.03,6195303086.48
SZ.002345,潮宏基,9.33,8289823556.31
SZ.002344,海宁皮城,4.24,5438295910.4
SZ.002339,积成电子,7.2,3629464372.8
SH.601801,皖新传媒,6.88,13470566910.56
SZ.002334,英威腾,8.15,6626251713.0
SZ.002332,仙琚制药,9.36,9258957545.76
SZ.300041,回天新材,9.05,5062877944.35
SZ.300039,上海凯宝,5.94,6213240000.0
SZ.002328,新朋股份,5.67,4375935900.0
SZ.002327,富安娜,8.03,6735142738.17
SH.601139,深圳燃气,6.47,18612511293.8
SZ.002324,普利特,10.69,11903831198.72
SZ.002322,理工能科,12.78,4845511056.6
SZ.002321,华英农业,2.34,4990962766.14
SZ.002320,海峡股份,5.96,13284441794.52
SZ.002303,美盈森,3.58,5482138792.3
SZ.300021,大禹节水,4.84,4214557611.44
SZ.300018,中元股份,7.27,3495645266.72
SZ.300012,华测检测,11.58,19487150718.12
SZ.300010,豆神教育,7.49,15478928815.91
SZ.300009,安科生物,8.33,13932102079.14
SZ.300008,天海防务,6.48,11197628781.84
SZ.300005,探路者,10.06,8890043991.16
SZ.300004,南风股份,8.33,3998346671.34
SZ.002301,齐心集团,7.1,5121286324.3
SZ.002300,太阳电缆,6.03,4355672211.0
SZ.002296,辉煌科技,11.46,4464591613.2
SZ.002293,罗莱生活,9.18,7656968975.58
SZ.002286,保龄宝,9.53,3523883131.4
SZ.002284,亚太股份,11.65,8610519054.2
SZ.002283,天润工业,6.61,7531811946.58
SZ.002282,博深股份,7.46,3930214076.08
SH.601107,四川成渝,5.68,17369780800.0
SZ.002275,桂林三金,13.93,8184830598.0
SZ.002274,华昌化工,7.14,6799883572.44
SZ.002267,陕天然气,9.32,10364543147.4
SZ.002266,浙富控股,3.3,17223595626.6
SZ.002264,新华都,6.69,4815861807.78
SZ.002258,利尔化学,10.24,8196477214.72
SZ.002255,海陆重工,9.38,7793664295.9
SZ.002251,步步高,5.57,14976057267.73
SZ.002250,联化科技,6.45,5878098604.65
SZ.002249,大洋电机,7.09,17300451069.42
SZ.002245,蔚蓝锂芯,13.44,15483505457.28
SZ.002243,力合科创,8.15,9866424384.85
SZ.002242,九阳股份,9.69,7432394730.0
SZ.002239,奥特佳,2.98,9862679055.12
SZ.002237,恒邦股份,10.98,12605843626.2
SZ.002233,塔牌集团,7.68,9156672122.88
SZ.002228,合兴包装,3.31,3957240057.93
SZ.002226,江南化工,5.58,14780989530.9
SZ.002225,濮耐股份,5.47,5527060901.23
SZ.002221,东华能源,8.19,12908486411.73
SZ.002219,新里程,2.3,7790978031.9
SZ.002217,*ST合泰,2.07,15482355780.96
SZ.002216,三全食品,11.66,10251285999.68
SZ.002215,诺普信,9.41,9458850227.1
SZ.002212,天融信,7.53,8881287708.87
SZ.002209,达意隆,12.43,2473931091.5
SZ.002208,合肥城建,6.58,5285660662.52
SZ.002206,海利得,5.01,5822658172.2
SZ.002204,大连重工,6.43,12418709305.76
SH.601999,出版传媒,6.42,3536872374.0
SH.601918,新集能源,6.7,17356630060.0
SZ.002191,劲嘉股份,3.73,5415135050.82
SZ.002182,宝武镁业,12.67,12565998976.51
SZ.002171,楚江新材,8.99,13561835336.44
SZ.002170,芭田股份,10.64,10252468100.56
SZ.002167,东方锆业,9.49,7351649617.0
SZ.002166,莱茵生物,7.54,5591841378.5
SZ.002165,红宝丽,11.16,8205611380.92
SZ.002160,常铝股份,3.8,3924568434.6
SZ.002159,三特索道,14.83,2629378649.75
SZ.002154,报喜鸟,3.96,5778961566.84
SZ.002150,通润装备,11.53,4188094396.09
SZ.002145,中核钛白,4.33,16761543943.95
SH.600054,黄山旅游,11.51,8395157354.4
SZ.002140,东华科技,9.95,7044738026.4
SZ.002139,拓邦股份,14.69,18316005973.72
SZ.002135,东南网架,4.27,4763255139.02
SH.601008,连云港,5.08,6302441070.48
SH.601007,金陵饭店,6.99,2726100000.0
SZ.002125,湘潭电化,10.25,6452187558.25
SZ.002124,天邦食品,3.2,7110188262.4
SZ.002120,韵达股份,6.85,19859488236.55
SZ.002117,东港股份,11.94,6253228202.7
SZ.002116,中国海诚,9.92,4623278079.36
SZ.002112,三变科技,14.06,3684844800.0
SZ.002111,威海广泰,10.45,5559461247.45
SH.601002,晋亿实业,5.1,4867647672.0
SZ.002108,沧州明珠,3.73,6211922037.04
SZ.002106,莱宝高科,11.35,8011013416.0
SZ.002104,恒宝股份,8.21,5814175484.34
SZ.002103,广博股份,9.36,5000794840.08
SZ.002101,广东鸿图,13.02,8650178631.78
SZ.002100,天康生物,6.35,8669347120.25
SZ.002098,浔兴股份,9.46,3386680000.0
SZ.002096,易普力,12.5,15505509625.0
SZ.002093,国脉科技,11.34,11425050000.0
SZ.002091,江苏国泰,7.45,12125813647.85
SZ.002090,金智科技,9.27,3713349448.17
SZ.002088,鲁阳节能,11.7,6003534256.2
SZ.002083,孚日股份,4.78,4524934477.36
SZ.002081,金螳螂,3.61,9585718517.29
SZ.002079,苏州固锝,9.61,7785438826.76
SZ.002075,沙钢股份,6.01,13184890924.45
SZ.002073,软控股份,8.22,8380632963.06
SH.600017,日照港,3.08,9473013975.04
SZ.002067,景兴纸业,3.65,4588772955.5
SZ.002066,瑞泰科技,11.06,2554860000.0
SZ.002063,远光软件,5.93,11297219280.0
SZ.002062,宏润建设,4.97,6149236318.33
SZ.002061,浙江交科,3.87,10335034034.1
SZ.002060,广东建工,3.51,13177920279.42
SZ.002057,中钢天源,8.28,6280237385.28
SZ.002053,云南能投,11.28,10385828353.92
SH.601001,晋控煤业,11.37,19029969000.0
SZ.002051,中工国际,8.28,10245745998.36
SZ.002043,兔宝宝,10.39,8645092209.97
SZ.002041,登海种业,10.17,8949600000.0
SZ.002040,南京港,6.98,3419559689.7
SH.600979,广安爱众,5.58,7040046026.52
SZ.002035,华帝股份,6.67,5653849632.06
SH.600961,株冶集团,10.08,10814556846.24
SZ.002033,丽江股份,8.82,4846508071.02
SH.600971,恒源煤电,7.01,8412034236.84
SH.600987,航民股份,7.26,7411145017.98
SZ.002029,七匹狼,6.47,4561502284.39
SZ.002026,山东威达,11.07,4933935962.73
SH.600983,惠而浦,10.16,7787020240.0
SZ.002023,海特高新,10.1,7482688373.5
SZ.002020,京新药业,13.3,11451687562.0
SZ.002019,亿帆医药,11.49,13976322076.65
SZ.002017,东信和平,10.17,5902992514.53
SH.600965,福成股份,5.24,4289993004.2
SZ.002016,世荣兆业,5.62,4547117451.84
SZ.002015,协鑫能科,7.32,11882736174.48
SZ.002014,永新股份,10.91,6682286258.06
SH.600982,宁波能源,4.9,5476374676.5
SZ.002011,盾安环境,11.89,12668036203.98
SH.600981,汇鸿集团,2.65,5942447958.8
SZ.002010,传化智联,5.38,14999281333.04
SZ.002003,伟星股份,11.78,13769520112.34
SH.600420,国药现代,10.33,13854313908.36
SH.600461,洪城环境,9.64,12379207185.72
SH.600963,岳阳林纸,4.49,7891479664.46
SH.600986,浙文互联,8.37,12449320898.94
SH.600493,凤竹纺织,5.69,1547680000.0
SH.600572,康恩贝,4.41,11397832905.69
SH.600969,郴电国际,7.7,2849388726.8
SH.600284,浦东建设,6.42,6229043520.0
SH.600479,千金药业,10.38,4401090074.46
SH.600035,楚天高速,4.46,7181116918.46
SH.600470,六国化工,5.37,2800992000.0
SH.600452,涪陵电力,9.64,14812261544.56
SH.600325,华发股份,5.09,14008454270.44
SH.600249,两面针,5.51,3030500000.0
SH.600354,敦煌种业,6.14,3240704771.2
SH.600477,杭萧钢构,2.64,6254070636.0
SH.600507,方大特钢,4.38,10131762958.2
SH.600429,三元股份,4.52,6821475714.36
SH.600449,宁夏建材,13.23,6326335185.66
SH.600020,中原高速,4.64,10427805300.48
SH.600546,山煤国际,9.52,18872982452.8
SH.600425,青松建化,3.77,6049732975.39
SH.600475,华光环能,9.66,9234628942.14
SH.600435,北方导航,12.17,18357292160.24
SH.600273,嘉化能源,8.45,11754331999.15
SH.600433,冠豪高新,3.09,5408362829.97
SH.600409,三友化工,4.94,10197886273.12
SH.600251,冠农股份,7.49,5819681936.67
SH.600459,贵研铂业,13.54,10294394922.84
SH.600502,安徽建工,4.65,7981882811.7
SH.600375,汉马科技,6.12,9810796766.04
SH.600575,淮河能源,4.04,15700494702.6
SH.600513,联环药业,9.11,2600506619.7
SH.600573,惠泉啤酒,11.6,2900000000.0
SH.600576,祥源文旅,10.09,10640393759.6
SH.600458,时代新材,11.9,9810933008.8
SH.600353,旭光电子,9.22,7663122961.18
SH.600552,凯盛科技,11.55,10910209625.7
SH.600499,科达制造,10.02,19216921037.82
SZ.000875,吉电股份,5.48,19877443030.48
SH.600351,亚宝药业,6.1,4270000280.6
SH.600557,康缘药业,12.93,7363106240.58
SH.600371,万向德农,9.36,2738530080.0
SH.600577,精达股份,7.23,15538411371.18
SH.600551,时代出版,7.83,5309172521.37
SH.600516,方大炭素,4.76,19163618951.68
SH.600597,光明乳业,8.51,11730811723.13
SH.600531,豫光金铅,7.16,7806232387.2
SH.600526,菲达环保,4.82,4288369134.8
SH.600416,湘电股份,10.84,14367405863.8
SH.600595,中孚实业,3.92,15716966046.88
SH.600327,大东方,4.88,4317724047.84
SH.600510,黑牡丹,5.06,5222048812.42
SH.600496,精工钢构,3.2,6368397235.2
SH.600428,中远海特,6.32,17341576896.4
SH.600373,中文传媒,10.62,14815136900.34
SH.600509,天富能源,7.02,9648269797.14
SH.600361,创新新材,3.9,16018999951.5
SH.600596,新安股份,7.86,10607832805.14
SH.600508,上海能源,11.28,8152259040.0
SH.600488,津药药业,4.07,4443978787.6
SH.600380,健康元,10.69,19556856696.34
SH.600395,盘江股份,4.57,9810075765.58
SH.600528,中铁工业,7.5,16661636910.0
SH.600356,恒丰纸业,7.8,2330104748.4
SH.600396,华电辽能,3.49,5139746791.33
SH.600367,红星发展,14.0,4775832628.0
SH.600360,*ST华微,6.57,6309140147.28
SH.600250,南京商旅,8.6,2671107359.4
SH.600335,国机汽车,6.58,9842289593.36
SH.600550,保变电气,7.82,14400752713.6
SH.600310,广西能源,4.42,6478441391.24
SH.600558,大西洋,4.75,4263622947.25
SH.600033,福建高速,3.71,10181724000.0
SH.600305,恒顺醋业,7.82,8671939014.56
SH.600313,农发种业,6.41,6936893429.83
SH.600330,天通股份,6.97,8597037879.52
SH.600399,抚顺特钢,5.43,10708503000.0
SH.600388,龙净环保,11.98,15215154590.14
SH.600338,西藏珠峰,9.8,8959259646.4
SH.600339,中油工程,3.14,17531083058.94
SH.600328,中盐化工,7.15,10522657552.55
SH.600368,五洲交通,4.5,7243442361.0
SH.600318,新力金融,9.28,4758112424.96
SH.600255,鑫科材料,3.35,6050592299.25
SH.600292,远达环保,12.14,9479117044.6
SH.600366,宁波韵升,8.45,9286896880.95
SH.600283,钱江水利,10.66,5978393412.68
SZ.000155,川能动力,10.47,19329382540.74
SZ.000153,丰原药业,5.9,2742164959.8
SZ.000156,华数传媒,7.8,14452873047.6
SZ.000993,闽东电力,10.63,4868023966.65
SH.600279,重庆港,5.41,6420946591.03
SH.600267,海正药业,8.75,10489921715.0
SH.600261,阳光照明,3.21,4285520020.86
SH.600278,东方创业,7.7,6754006774.9
SZ.000990,诚志股份,7.68,9333024268.8
SH.600300,维维股份,3.56,5757026160.8
SZ.000989,九芝堂,8.12,6950249137.44
SZ.000968,蓝焰控股,6.57,6356492476.2
SH.600248,陕建股份,3.9,14693570915.4
SH.600237,铜峰电子,6.84,4314050620.2
SZ.000969,安泰科技,12.09,12703181792.73
SZ.000973,佛塑科技,6.31,6104440209.01
SH.600269,赣粤高速,5.33,12447719384.62
SZ.000966,长源电力,5.13,17857709632.08
SZ.000957,中通客车,11.52,6830253342.72
SH.600223,福瑞达,7.33,7451449120.75
SZ.000953,河化股份,6.3,2306569828.5
SH.600268,国电南自,7.86,7986495397.32
SH.600226,亨通股份,2.89,8595961737.36
SH.600222,太龙药业,5.36,3076030476.88
SZ.000949,新乡化纤,4.01,6818322987.22
SH.600216,浙江医药,13.43,12914794982.5
SH.600149,廊坊发展,4.69,1782950400.0
SZ.000950,重药控股,4.91,8485386857.36
SH.600197,伊力特,14.88,7040839788.96
SH.600215,派斯林,8.97,4153068558.6
SH.600210,紫江企业,6.47,9813282942.26
SZ.000936,华西股份,7.0,6202090209.0
SZ.000927,中国铁物,2.59,15670415930.19
SZ.000090,天健集团,3.6,6726763562.4
SZ.000923,河钢资源,13.43,8766149946.23
SZ.000931,中关村,4.93,3712916021.26
SZ.000906,浙商中拓,6.39,4527709128.81
SZ.000910,大亚圣象,7.58,4149273050.0
SZ.000922,佳电股份,10.85,7543100695.9
SZ.000920,沃顿科技,9.93,4693127701.74
SZ.000925,众合科技,7.69,5201284208.02
SZ.000912,泸天化,4.91,7698880000.0
SZ.000905,厦门港务,7.66,5682261513.02
SZ.000897,津滨发展,2.29,3703553415.86
SZ.000902,新洋丰,13.5,16938897768.0
SH.600200,*ST苏吴,2.78,1979782092.96
SZ.000917,电广传媒,7.37,10447390211.06
SZ.000885,城发环境,13.86,8899204614.3
SZ.000928,中钢国际,6.62,9497347391.02
SZ.000908,*ST景峰,4.99,4390074011.49
SZ.000900,现代投资,4.06,6162383036.04
SH.600167,联美控股,6.16,13939097252.08
SH.600201,生物股份,7.06,7909806735.56
SH.600195,中牧股份,6.8,6943808168.0
SH.600123,兰花科创,6.78,9988567342.38
SH.600218,全柴动力,8.66,3772295298.54
SZ.000852,石化机械,6.34,6061938308.26
SZ.000833,粤桂股份,13.17,10563422850.57
SH.600179,安通控股,3.0,12694580937.0
SH.600198,大唐电信,8.33,10859017496.53
SZ.000850,华茂股份,4.26,4020012938.34
SZ.000837,秦川机床,13.27,13368501046.99
SH.600155,华创云信,6.68,14859191578.36
SZ.000862,银星能源,5.64,5177264485.44
SH.600169,太原重工,2.48,8335916963.2
SH.600186,莲花控股,6.53,11714833980.73
SH.600180,瑞茂通,4.45,4835492214.8
SZ.000821,京山轻机,11.32,7050942486.96
SZ.000812,陕西金叶,4.49,3451429836.86
SZ.000065,北方国际,11.12,11913810918.88
SZ.000810,创维数字,11.83,13607056131.76
SH.600163,中闽能源,5.51,10485508747.93
SZ.000811,冰轮环境,12.41,9475876447.64
SH.600125,铁龙物流,5.82,7598137306.68
SH.600168,武汉控股,4.65,4619298695.85
SZ.000089,深圳机场,6.93,14211832697.37
SH.600158,中体产业,8.05,7724080189.35
SH.600133,东湖高新,9.14,9745432457.5
SZ.000886,海南高速,6.27,6199953441.0
SH.600121,郑州煤电,3.68,4483756299.84
SH.600138,中青旅,9.83,7115347200.0
SZ.000829,天音控股,10.23,10486777480.74
SZ.000899,赣能股份,9.44,9210398054.4
SZ.000848,承德露露,9.61,10115044651.14
SZ.000888,峨眉山A,13.36,7039559042.72
SH.600113,浙江东日,14.11,5945483572.6
SZ.000823,超声电子,10.15,5450459725.9
SH.600105,永鼎股份,7.25,10599462314.5
SH.600128,苏豪弘业,9.77,2410918475.0
SH.600108,亚盛集团,2.92,5684992153.32
SZ.000795,英洛华,10.87,12323146199.61
SH.600116,三峡水利,6.96,13308514611.84
SZ.000797,中国武夷,2.73,4288159012.41
SH.600103,青山纸业,2.19,4934628552.93
SH.600081,东风科技,14.21,7858501875.7
SZ.000755,山西高速,5.09,7468608897.64
SH.600101,明星电力,11.26,6168931423.46
SZ.000753,漳州发展,5.27,5225105244.17
SZ.000819,岳阳兴长,14.93,5519583764.58
SH.600097,开创国际,10.0,2409365590.0
SH.600106,重庆路桥,5.42,7203315836.04
SZ.000828,东莞控股,10.71,11133226984.32
SZ.000731,四川美丰,6.88,3844744421.28
SH.600075,新疆天业,4.21,7187996811.23
SZ.000788,北大医药,5.71,3403088196.75
SH.600080,金花股份,7.32,2732338486.2
SZ.000735,罗牛山,5.99,6897566332.22
SZ.000498,山东路桥,5.74,8960130959.5
SH.600057,厦门象屿,6.87,19284057594.21
SH.600072,中船科技,12.67,19087630293.76
SZ.000779,甘咨询,9.62,4471659328.24
SH.600063,皖维高新,4.45,9365551119.05
SH.600058,五矿发展,7.24,7760633547.64
SZ.000722,湖南发展,11.23,5212497506.86
SZ.000727,冠捷科技,2.49,11278621780.2
SH.600059,古越龙山,9.09,8285920534.17
SH.600056,中国医药,10.24,15317808619.52
SZ.000739,普洛药业,13.96,16323757120.96
SZ.000715,中兴商业,7.15,2972390421.0
SH.600064,南京高科,7.59,13133277897.96
SZ.000737,北方铜业,9.19,17504344037.65
SZ.000713,丰乐种业,7.2,4420907856.0
SZ.000716,黑芝麻,6.45,4860007597.5
SZ.000758,中色股份,4.92,9804779510.88
SH.600051,宁波联合,6.97,2166833600.0
SZ.000718,苏宁环球,2.15,6524468225.6
SZ.000719,中原传媒,12.62,12912831312.38
SH.600794,保税科技,4.06,4872617757.42
SZ.000700,模塑科技,7.38,6774953570.82
SH.600790,轻纺城,3.63,5320821068.64
SZ.000686,东北证券,7.54,17647014979.1
SH.600789,鲁抗医药,10.16,9130483461.12
SZ.000683,远兴能源,5.18,19368934580.8
SZ.000690,宝新能源,4.37,9508629956.94
SZ.000685,中山公用,8.63,12730210959.13
SZ.000060,中金岭南,4.58,17118202476.52
SZ.000680,山推股份,9.23,13848022012.76
SZ.000682,东方电子,9.81,13152531938.67
SH.600787,中储股份,6.01,13071465005.8
SZ.000061,农产品,6.5,11030266851.5
SH.600785,新华百货,12.28,2770752118.4
SZ.000677,恒天海龙,5.14,4440846652.72
SH.600784,鲁银投资,6.08,4107965844.16
SH.600783,鲁信创投,12.09,8999303864.46
SH.600782,新钢股份,3.99,12551152074.51
SZ.000676,智度股份,8.37,10590470729.55
SZ.000672,上峰水泥,8.49,8230167370.5
SZ.000650,仁和药业,5.42,7587665228.28
SH.600780,通宝能源,6.0,6879015138.0
SZ.000636,风华高科,13.75,15908931651.25
SZ.000655,金岭矿业,6.81,4054266966.3
SZ.000631,顺发恒业,2.92,6994214925.28
SH.600758,辽宁能源,3.54,4679941574.76
SH.600759,洲际油气,2.11,8754409580.8
SH.600757,长江传媒,9.68,11748134642.64
SH.600755,厦门国贸,6.4,13871766707.2
SZ.000612,焦作万方,6.96,8297707782.24
SH.600746,江苏索普,8.26,9646382221.84
SH.600751,海航科技,2.86,8292106059.38
SZ.000601,韶能股份,5.99,6472504497.31
SH.600742,一汽富维,9.82,7296828381.6
SZ.000603,盛达资源,13.4,9245589236.4
SH.600739,辽宁成大,10.35,15832496595.6
SZ.000419,通程控股,5.39,2929910510.45
SZ.000422,湖北宜化,11.78,12751964407.36
SH.600736,苏州高新,5.5,6332110988.5
SZ.000417,合百集团,5.66,4414144572.0
SH.600740,山西焦化,3.55,9095530096.7
SZ.000421,南京公用,6.13,3531253893.22
SH.600731,湖南海利,6.53,3648587976.48
SH.600737,中粮糖业,9.29,19869900038.12
SH.600730,中国高科,6.23,3654866892.46
SZ.000415,渤海租赁,3.21,19852313315.22
SZ.000411,英特集团,10.65,5558155220.85
SH.600724,宁波富达,4.5,6503584819.5
SH.600720,中交设计,7.96,18264980697.4
SZ.000407,胜利股份,3.32,2921881057.92
SH.600727,鲁北化工,7.51,3969659343.85
SH.600713,南京医药,5.13,6716842585.2
SH.600710,苏美达,9.68,12649334521.12
SZ.000409,云鼎科技,11.5,7796890807.5
SH.600722,金牛化工,5.18,3524055921.68
SZ.000404,长虹华意,7.38,5136450325.02
SH.600718,东软集团,10.17,12241664269.56
SH.600717,天津港,4.57,13225584743.66
SZ.000600,建投能源,6.56,11869003906.56
SH.600711,ST盛屯,5.65,17461955263.15
SZ.000597,东北制药,5.16,7374172847.4
SH.600894,广日股份,10.79,9428934240.05
SZ.000589,贵州轮胎,4.63,7200833446.52
SH.600888,新疆众和,6.85,9426885799.8
SZ.000591,太阳能,4.41,17277488469.99
SZ.000582,北部湾港,8.51,19795418398.22
SH.600877,电科芯片,12.42,14706018890.64
SH.600866,星湖科技,7.4,12294897358.4
SZ.000045,深纺织A,10.3,5217175044.7
SH.600865,百大集团,9.21,3465173310.36
SH.600864,哈投股份,5.88,12233754657.6
SZ.000037,深南电A,8.48,5111426814.08
SZ.000557,西部创业,5.38,7846056074.3
SZ.000036,华联控股,3.63,5386680510.75
SZ.000567,海德股份,5.68,11102083440.4
SH.600859,王府井,13.91,15788537863.41
SH.600858,银座股份,5.41,2813560246.49
SH.600854,春兰股份,4.82,2503790153.16
SZ.000035,中国天楹,4.54,11353555646.28
SH.600853,龙建股份,3.72,3772198095.12
SH.600851,海欣股份,6.47,7809656797.24
SH.600846,同济科技,9.53,5953977247.48
SH.600833,第一医药,11.98,2672574437.06
SH.600830,香溢融通,8.99,4084361495.53
SH.600829,人民同泰,7.25,4204192328.25
SH.600827,百联股份,9.4,16771180299.8
SH.600826,兰生股份,7.85,5773938359.65
SZ.000560,我爱我家,3.18,7490492706.18
SH.600821,金开新能,5.52,11024894260.56
SH.600820,隧道股份,5.95,18707371759.3
SH.600817,宇通重工,11.39,6114714552.1
SH.600814,杭州解百,8.09,5947004287.82
SH.600812,华北制药,5.99,10277224916.3
SZ.000563,陕国投A,3.41,17438638920.78
SZ.000552,甘肃能化,2.42,12951362296.84
SZ.000551,创元科技,12.4,5008908142.0
SZ.000531,穗恒运A,6.23,6487930298.36
SH.600810,神马股份,8.58,8709607437.96
SZ.000533,顺钠股份,5.96,4117263360.0
SZ.000532,华金资本,14.77,5091342181.8
SZ.000543,皖能电力,7.49,16978806349.19
SZ.000554,泰山石油,6.29,3024189970.22
SZ.000537,中绿电,8.6,17772780227.2
SZ.000544,中原环保,8.24,8031400181.12
SZ.000530,冰山冷热,5.55,4679829413.85
SH.600697,欧亚集团,11.94,1899511615.5
SZ.000541,佛山照明,6.55,10059347406.5
SH.600693,东百集团,6.72,5845366773.12
SZ.000529,广弘控股,6.02,3514417786.6
SZ.000524,岭南控股,11.93,7995588562.21
SZ.000523,红棉股份,3.29,6038691236.69
SH.600686,金龙汽车,13.13,9414832585.21
SZ.000525,ST红太阳,6.94,9008309746.54
SZ.000521,长虹美菱,7.87,8105499637.05
SH.600682,南京新百,6.47,8709475469.87
SH.600681,百川能源,3.49,4679583286.9
SZ.000030,富奥股份,6.15,10711104972.75
SH.600675,中华企业,2.89,17473331106.59
SH.600668,尖峰集团,13.8,4748356826.4
SH.600667,太极实业,6.62,13942978978.36
SH.600664,哈药股份,3.63,9142190849.88
SH.600662,外服控股,5.08,11600162143.8
SH.600650,锦江在线,13.78,7601187274.46
SZ.000026,飞亚达,12.14,4925975044.98
SH.600649,城投控股,4.39,11104837033.26
SH.600648,外高桥,11.22,15258215085.96
SZ.000507,珠海港,5.3,4874594943.5
SH.600639,浦东金桥,10.57,11863904279.01
SH.600635,大众公用,3.83,11307824805.25
SH.600633,浙数文化,13.84,17550150692.48
SH.600629,华建集团,8.23,7986086156.74
SH.600628,新世界,7.33,4741596564.72
SH.600626,申达股份,3.46,4569776547.82
SH.600623,华谊集团,7.21,15367751601.58
SH.600621,华鑫股份,14.16,15022333974.72
SZ.000501,武商集团,9.21,7082423052.51
SH.600618,氯碱化工,9.46,10939543772.96
SZ.000019,深粮控股,6.73,7756562259.42
SH.600609,金杯汽车,5.61,7318573510.38
SZ.000007,全新好,7.11,2463245592.84
SH.600604,市北高新,4.45,8336206377.8
SZ.000012,南玻A,4.8,14739322113.6
SH.600603,ST广物,7.32,8735169385.32
SH.600601,方正科技,4.52,18849725657.24
SZ.300568,星源材质,10.9,14637632650.2
SZ.300562,乐心医疗,14.85,3229372891.8
SZ.300543,朗科智能,10.89,3336383827.26
SZ.300534,陇神戎发,9.26,2808974700.0
SZ.300532,今天国际,11.67,5290292083.62
SZ.300507,苏奥传感,9.02,7184871141.14
SZ.300481,濮阳惠成,14.0,4139846858.0
SZ.300463,迈克生物,11.83,7245515249.7
SZ.300455,航天智装,13.26,9517602831.36
SZ.300453,三鑫医疗,7.97,4163508274.25
SZ.300452,山河药辅,12.21,2862620189.88
SZ.300444,双杰电气,6.67,5326829350.3
SZ.300441,鲍斯股份,8.63,5561308940.84
SZ.300440,运达科技,9.1,4039659260.0
SZ.300439,美康生物,10.38,3985399079.7
SZ.300434,金石亚药,7.95,3193863782.4
SZ.300425,中建环能,5.16,3520280241.48
SZ.300407,凯发电气,10.4,3309285127.2
SZ.300406,九强生物,14.08,8283638443.52
SZ.002840,华统股份,10.73,6792303344.59
SZ.002839,张家港行,4.35,10632900636.9
SZ.002836,新宏泽,8.82,2032128000.0
SZ.002825,纳尔股份,10.98,3755474862.48
SZ.002823,凯中精密,14.2,4662839075.8
SZ.002818,富森美,12.8,9580274432.0
SZ.002815,崇达技术,10.54,11396393076.1
SZ.002811,郑中设计,9.45,2910316547.25
SZ.002810,山东赫达,11.81,4111496942.53
SZ.002807,江阴银行,4.28,10534761136.92
SZ.002806,华锋股份,11.89,2333232687.53
SZ.002803,吉宏股份,14.01,5390617724.88
SZ.002802,洪汇新材,14.78,2694423412.2
SZ.002796,世嘉科技,11.7,2953395291.6
SZ.002790,瑞尔特,7.25,3029574175.0
SZ.002787,华源控股,8.46,2889315027.54
SZ.002783,凯龙股份,8.4,4194604234.8
SZ.002782,可立克,12.54,6179830039.02
SZ.002772,众兴菌业,7.92,3114471563.28
SZ.002766,索菱股份,5.55,4782686975.55
SZ.002761,浙江建投,8.64,9346610096.64
SZ.002758,浙农股份,9.15,4770803585.85
SZ.002753,永东股份,6.68,2509639747.64
SZ.002752,昇兴股份,5.51,5382820758.68
SZ.002749,国光股份,14.71,6895330152.0
SZ.002746,仙坛股份,6.0,5163232362.0
SZ.002745,木林森,8.43,12511522743.57
SZ.002743,富煌钢构,6.7,2916298802.6
SZ.002734,利民股份,13.43,5445136274.77
SZ.002731,萃华珠宝,10.2,2612791200.0
SZ.000756,新华制药,13.94,9615484897.9
SZ.000726,鲁泰A,6.42,5247104584.2
SZ.000058,深赛格,8.38,10317461631.36
SZ.000055,方大集团,4.15,4456578042.05
SH.603999,读者传媒,6.2,3571200000.0
SH.603977,国泰集团,13.22,8212816966.16
SH.603886,元祖股份,13.65,3276000000.0
SH.603866,桃李面包,5.52,8830449735.6
SH.603861,白云电器,9.21,4536477102.66
SH.603823,百合花,10.32,4296914705.28
SH.603798,康普顿,10.03,2572189989.5
SH.603738,泰晶科技,14.33,5578995322.76
SH.603727,博迈科,13.31,3749683576.87
SH.603708,家家悦,10.68,6817457049.0
SH.603633,徕木股份,8.2,3499848707.6
SH.603628,清源股份,12.02,3291076000.0
SH.603577,汇金通,8.21,2784332011.0
SH.603569,长久物流,7.72,4659075977.72
SH.603323,苏农银行,5.4,9909203418.0
SH.603299,苏盐井神,9.69,7576890740.61
SH.603239,浙江仙通,14.14,3827980800.0
SH.603218,日月股份,12.32,12696563880.0
SH.603101,汇嘉时代,7.79,3664416000.0
SH.603098,森特股份,10.06,5429381778.68
SH.603035,常熟汽饰,13.45,5111416048.85
SH.603027,千禾味业,11.72,12045008327.92
SH.601500,通用股份,4.74,7534186083.9
SH.601375,中原证券,3.95,18339394565.0
SH.601163,三角轮胎,14.02,11216000000.0
SH.600977,中国电影,10.21,19062070000.0
SH.600908,无锡银行,5.68,12465792027.6
SH.600874,创业环保,5.8,9108424893.0
SH.600776,东方通信,10.89,13677840696.96
SH.600611,大众交通,6.37,15059462643.68
